road_name,highway,length_m,cars,buses,lorries,motorcycles
Persiaran Kuari,unclassified,1233.8,115,6,10,68
Persiaran Gurney,secondary,1056.7,406,21,35,238
Jalan P. Ramlee,tertiary,764.3,261,13,22,153
Jalan Masjid Negeri,trunk,756.3,638,33,55,374
Jalan Kelawai,secondary,658.5,406,21,35,238
Jalan D.S. Ramanathan,residential,639.1,145,7,12,85
Lebuhraya Rose,residential,624.9,145,7,12,85
Persiaran Jesselton Selatan,residential,623.3,145,7,12,85
Jalan Logan,unclassified,606.7,115,6,10,68
Jalan Lim Lean Teng,residential,598.9,145,7,12,85
Lorong Air Terjun,residential,598.3,145,7,12,85
Lebuhraya Thean Tek,primary,576.9,522,27,45,306
Jalan Kampar,residential,572.5,145,7,12,85
Lebuhraya Tun Doktor Lim Chong Eu,trunk,566.7,638,33,55,374
Lebuhraya Tun Doktor Lim Chong Eu,trunk,566.5,638,33,55,374
Jalan Perak,secondary,554.4,406,21,35,238
Lorong Batu Lanchang,primary,543.7,522,27,45,306
Jalan Argyll,tertiary,542.9,261,13,22,153
Persiaran Midlands,residential,540.1,145,7,12,85
Jalan Masjid Negeri,trunk,539.9,638,33,55,374
Jalan Seang Tek,residential,536.5,145,7,12,85
Lebuhraya Tun Doktor Lim Chong Eu,trunk,535.2,638,33,55,374
Jalan Padang Victoria,residential,529.9,145,7,12,85
Lengkok Hijau,residential,517.4,145,7,12,85
Jalan Abdullah Ariff,residential,516.0,145,7,12,85
Jalan Tunku Abdul Rahman,residential,513.6,145,7,12,85
Jalan Sepoy Lines,unclassified,512.1,115,6,10,68
Lorong Abu Siti,residential,511.8,145,7,12,85
Jalan Gangsa,residential,498.3,145,7,12,85
Taman Free School,residential,498.2,145,7,12,85
Lengkok Burma,residential,497.9,145,7,12,85
Lebuh Sungai Pinang 1,tertiary,495.9,261,13,22,153
Jalan Anson,secondary,494.4,406,21,35,238
Jalan Batu Gantung,unclassified,493.4,115,6,10,68
Jalan Vermont,residential,490.9,145,7,12,85
Lintang Macallum 2,unclassified,490.0,115,6,10,68
Medan Tembaga,residential,489.1,145,7,12,85
Jalan Trengganu,secondary,489.0,406,21,35,238
Jalan Gemas,residential,483.6,145,7,12,85
Jalan Brother James,residential,483.3,145,7,12,85
Jalan Utama,secondary,481.8,406,21,35,238
Jalan York,tertiary,477.6,261,13,22,153
Lorong Chemor,residential,475.5,145,7,12,85
Jalan Residensi,secondary,475.0,406,21,35,238
Jalan Rangoon,residential,472.7,145,7,12,85
Lorong Selamat,residential,467.7,145,7,12,85
Jalan Pinhorn,residential,466.4,145,7,12,85
Jalan Ayer Itam,primary,463.6,522,27,45,306
Jalan Padang Tembak,tertiary,462.7,261,13,22,153
Jalan Jelutong,primary,462.6,522,27,45,306
Jalan Masjid,residential,459.9,145,7,12,85
Jalan Madrasah,residential,459.7,145,7,12,85
Jalan Sungai Pinang,secondary,457.4,406,21,35,238
Jalan Trusan,residential,455.8,145,7,12,85
Lebuh Melaka,residential,452.8,145,7,12,85
Jalan Gurdwara,primary,452.3,522,27,45,306
Jalan Khaw Sim Bee,unclassified,450.1,115,6,10,68
Jalan Bell,residential,449.6,145,7,12,85
Jalan Hajjah Rehmah,residential,448.4,145,7,12,85
Jalan Jelutong,primary,446.7,522,27,45,306
Jalan Jesselton,residential,442.7,145,7,12,85
Lebuhraya Tun Doktor Lim Chong Eu,trunk,442.4,638,33,55,374
Jalan Jelutong,primary,441.5,522,27,45,306
Jalan Hutton,tertiary,440.0,261,13,22,153
Lebuhraya Tun Doktor Lim Chong Eu,trunk,439.9,638,33,55,374
Lintang Slim,residential,438.1,145,7,12,85
Jalan Siam,residential,437.2,145,7,12,85
Lebuh Bukit Dumbar,residential,437.2,145,7,12,85
Jalan Pahang,residential,435.5,145,7,12,85
Jalan Masjid Negeri,trunk,434.8,638,33,55,374
Jalan Sungkai,residential,433.6,145,7,12,85
Trail 6 from Youth Park to Moongate Trail,unclassified,432.8,115,6,10,68
Lorong Perak,tertiary,431.6,261,13,22,153
Jalan Tembaga,residential,430.9,145,7,12,85
Jalan Dato Keramat,primary,430.5,522,27,45,306
Jalan Macalister,secondary,426.1,406,21,35,238
Jalan Irving,residential,425.5,145,7,12,85
Jalan Tunku Abdul Rahman,residential,424.4,145,7,12,85
Jalan Tan Sri Teh Ewe Lim,secondary,424.3,406,21,35,238
Lorong Madras,residential,422.1,145,7,12,85
Jalan Clove Hall,residential,420.2,145,7,12,85
Lebuhraya Codrington,tertiary,419.2,261,13,22,153
Jalan Sepoy Lines,primary,416.3,522,27,45,306
Lengkok P. Ramlee,residential,414.4,145,7,12,85
Jalan Zainal Abidin,residential,412.7,145,7,12,85
Jalan Burma,secondary,412.0,406,21,35,238
Jalan Ayer Itam,primary,405.2,522,27,45,306
Jalan Scotland,trunk,404.9,638,33,55,374
Jalan Goh Guan Ho,residential,402.2,145,7,12,85
Lintang Delima 1,residential,402.1,145,7,12,85
Jalan Berek,unclassified,400.1,115,6,10,68
Jalan Arratoon,residential,399.3,145,7,12,85
Lorong Kinta,residential,398.6,145,7,12,85
Jalan Free School,tertiary,395.9,261,13,22,153
Lebuhraya Jelutong,residential,395.3,145,7,12,85
Jalan Nunn,residential,394.0,145,7,12,85
Jalan Sir Hussein,residential,393.2,145,7,12,85
Jalan Hijau Empat,residential,391.2,145,7,12,85
Jalan Md Taib,residential,389.5,145,7,12,85
Jalan Besi,tertiary,387.9,261,13,22,153
Jalan Penjara,unclassified,387.1,115,6,10,68
Jalan Shaik Madar,residential,386.4,145,7,12,85
Jalan Kelawai,secondary,383.0,406,21,35,238
Jalan Utama,tertiary,382.8,261,13,22,153
Jalan Taman Greenview 1,residential,382.6,145,7,12,85
Lebuhraya Maktab,residential,378.4,145,7,12,85
Jalan Burma,secondary,375.9,406,21,35,238
Jalan Hikmat,residential,375.9,145,7,12,85
Jalan Scotland,trunk,375.9,638,33,55,374
Jalan Sir Ibrahim,residential,375.7,145,7,12,85
Lebuh Farquhar,secondary,374.1,406,21,35,238
Jalan Sultan Ahmad Shah,secondary,374.0,406,21,35,238
Lebuhraya Jesselton,residential,372.1,145,7,12,85
Jalan Lumba Kuda,residential,371.1,145,7,12,85
Jalan Berjaya,residential,366.5,145,7,12,85
Lorong Macalister,residential,366.0,145,7,12,85
Lintang Kampung Rawa 1,residential,365.8,145,7,12,85
Medan Tembaga,residential,364.2,145,7,12,85
Jalan Taylor,residential,362.6,145,7,12,85
Lintang Penawar 1,residential,362.6,145,7,12,85
Jalan Irawadi,residential,361.7,145,7,12,85
Lebuh Victoria,tertiary,361.2,261,13,22,153
Jalan Hargreaves,residential,360.7,145,7,12,85
Lebuh Muntri,residential,359.4,145,7,12,85
Jalan Ayer Itam,primary,358.0,522,27,45,306
Jalan Jelutong,primary,357.8,522,27,45,306
Lebuhraya Thean Tek,primary,357.8,522,27,45,306
Lorong Jelutong,residential,357.8,145,7,12,85
Lintang Kampung Rawa 2,residential,356.8,145,7,12,85
Lengkok Jesselton,residential,356.7,145,7,12,85
Jalan Peirce,residential,354.6,145,7,12,85
Jalan Jesselton,residential,353.1,145,7,12,85
Lebuhraya Thean Tek,primary,351.7,522,27,45,306
Jalan Sungai,tertiary,350.3,261,13,22,153
Lorong Slim,residential,350.1,145,7,12,85
Jalan Haji Hashim Imam,residential,347.8,145,7,12,85
Lintang Batu Lanchang,residential,347.2,145,7,12,85
Jalan Macalister,secondary,345.6,406,21,35,238
Jalan Park,residential,345.5,145,7,12,85
Jalan Kuantan,residential,344.0,145,7,12,85
Jalan Edgecumbe,residential,343.8,145,7,12,85
Lebuhraya Tun Doktor Lim Chong Eu,trunk,343.2,638,33,55,374
Jalan Ayer Itam,primary,342.7,522,27,45,306
Jalan Ahmad Nor,secondary,341.9,406,21,35,238
Lintang Kampung Rawa 3,residential,339.4,145,7,12,85
Jalan Jelutong,primary,338.6,522,27,45,306
Jalan Perak,primary,337.9,522,27,45,306
Lorong Ipoh,residential,337.4,145,7,12,85
Jalan Biggs,residential,336.8,145,7,12,85
Lintang Penawar 3,residential,334.9,145,7,12,85
Jalan Ayer Itam,primary,334.4,522,27,45,306
Jalan Dunn,residential,334.3,145,7,12,85
Jalan Kampung Dodol,residential,334.1,145,7,12,85
Jalan Ayer Itam,primary,333.9,522,27,45,306
Lorong Gangsa,residential,330.1,145,7,12,85
Jalan Langkawi,residential,329.8,145,7,12,85
Lorong Maktab,residential,329.1,145,7,12,85
Jalan Perak,secondary,327.0,406,21,35,238
Jalan Patani,secondary,326.7,406,21,35,238
Jalan Scotland,primary,326.6,522,27,45,306
Jalan Bagan Jermal,primary,323.2,522,27,45,306
Pengkalan Sungai Pinang,unclassified,321.1,115,6,10,68
Jalan Padang Tembak,tertiary,320.8,261,13,22,153
Jalan Westlands,residential,320.0,145,7,12,85
Lorong Seremban,residential,320.0,145,7,12,85
Jalan Hijau 3,residential,319.8,145,7,12,85
Lengkok York,residential,319.6,145,7,12,85
Lebuhraya Batu Lanchang,tertiary,317.3,261,13,22,153
Jalan Tembaga,tertiary,316.8,261,13,22,153
Taman Jesselton,residential,316.8,145,7,12,85
Jalan Cantonment,secondary,315.9,406,21,35,238
Taman Jesselton,residential,315.6,145,7,12,85
Lorong Madrasah,residential,315.5,145,7,12,85
Persiaran Besi,residential,312.2,145,7,12,85
Jalan Utama,primary,311.4,522,27,45,306
Lilitan Hargreaves,residential,311.4,145,7,12,85
Jalan Nirwana,residential,311.1,145,7,12,85
Lebuh Sungai Pinang 1,tertiary,310.7,261,13,22,153
Lebuh Sungai Pinang 1,tertiary,310.7,261,13,22,153
Cangkat Tembaga,residential,310.3,145,7,12,85
Jalan Sungai Pinang,secondary,309.4,406,21,35,238
Lebuh Melayu,residential,307.4,145,7,12,85
Jalan Perusahaan Jelutong 1,unclassified,307.3,115,6,10,68
Jalan Sungai Pinang,secondary,307.2,406,21,35,238
Jalan Jones,residential,305.9,145,7,12,85
Jalan Masjid Negeri,trunk,305.8,638,33,55,374
Taman Air Raja,residential,303.9,145,7,12,85
Jalan Transfer,secondary,302.4,406,21,35,238
Jalan Kajang,residential,302.0,145,7,12,85
Jalan Tull,residential,301.9,145,7,12,85
Lebuh Jesselton Selatan 4,residential,301.8,145,7,12,85
Jalan Sultan Ahmad Shah,secondary,301.6,406,21,35,238
Jalan Grik,residential,301.4,145,7,12,85
Jalan Perak,secondary,299.8,406,21,35,238
Lorong Batu Lanchang,primary,299.0,522,27,45,306
Jalan Raja Gopal,residential,298.8,145,7,12,85
Jalan Tapah,residential,298.4,145,7,12,85
Lebuhraya Tun Doktor Lim Chong Eu,trunk,298.1,638,33,55,374
Jalan Makloom,residential,297.5,145,7,12,85
Jalan Scotland,primary,295.8,522,27,45,306
Jalan Tan Iu Ghee,residential,294.6,145,7,12,85
Jalan Lim Eow Thoon,residential,292.9,145,7,12,85
Solok Kebun Nyior,residential,292.3,145,7,12,85
Jalan Penaga,residential,292.2,145,7,12,85
Lebuh Noordin,unclassified,289.9,115,6,10,68
Jalan Cantonment,secondary,289.2,406,21,35,238
Solok Terengganu,residential,289.2,145,7,12,85
Jalan Pasar,unclassified,288.6,115,6,10,68
Lengkok Perak,residential,288.3,145,7,12,85
Lengkok Jesselton,residential,288.2,145,7,12,85
Jalan Batu Gajah,residential,286.2,145,7,12,85
Taman Western,residential,286.1,145,7,12,85
Jalan Lahat,residential,285.5,145,7,12,85
Hilir Sungai Pinang,unclassified,285.0,115,6,10,68
Jalan York,tertiary,284.6,261,13,22,153
Jalan Penawar 1,residential,284.5,145,7,12,85
Lengkok Tembaga,residential,284.2,145,7,12,85
Lintang Delima 2,residential,283.2,145,7,12,85
Lintang P. Ramlee,residential,282.7,145,7,12,85
Halaman Free School,residential,282.4,145,7,12,85
Jalan Lim Khoon Huat,residential,282.1,145,7,12,85
Lebuh Padang Tembak,residential,281.1,145,7,12,85
Jalan Ooi Thiam Siew,residential,281.0,145,7,12,85
Jalan Pangkor,secondary,281.0,406,21,35,238
Jalan Perusahaan Jelutong 3,unclassified,280.9,115,6,10,68
Lintang Glugor,residential,280.7,145,7,12,85
Lebuh Carnarvon,secondary,279.1,406,21,35,238
Jalan Green Hall,unclassified,278.9,115,6,10,68
Jalan Perak,secondary,277.8,406,21,35,238
Lebuhraya Tembaga,residential,277.7,145,7,12,85
Lebuhraya Tun Doktor Lim Chong Eu,trunk,276.3,638,33,55,374
Jalan Macalister,secondary,275.9,406,21,35,238
Lebuhraya Tun Doktor Lim Chong Eu,trunk,275.8,638,33,55,374
Solok Thean Teik 1,unclassified,275.8,115,6,10,68
Jalan Brook,residential,275.4,145,7,12,85
Jalan S. A. Abdullah Bukhari,unclassified,273.7,115,6,10,68
Lintang Sungai Pinang,residential,273.6,145,7,12,85
Jalan Masjid Negeri,trunk,273.1,638,33,55,374
Lebuhraya Glugor,tertiary,272.7,261,13,22,153
Jalan Kebun Bunga,tertiary,272.2,261,13,22,153
Taman Western,residential,271.2,145,7,12,85
Lebuh King,residential,271.1,145,7,12,85
Lebuh Campbell,tertiary,270.8,261,13,22,153
Lorong Padang Tembak,residential,270.8,145,7,12,85
Kampung Jawa Baru,tertiary,270.3,261,13,22,153
Jalan Salween,residential,269.7,145,7,12,85
Lorong Prangin,residential,269.2,145,7,12,85
Jalan Tengku,residential,269.1,145,7,12,85
Jalan Brown,residential,268.7,145,7,12,85
Jalan J.K.R.,unclassified,268.5,115,6,10,68
Lebuh Kimberley,residential,268.4,145,7,12,85
Jalan Gopeng,residential,266.9,145,7,12,85
Medan Lim Cheng Teik,residential,266.1,145,7,12,85
Lengkok Ariff,residential,265.4,145,7,12,85
Lebuhraya Thean Tek,primary,265.1,522,27,45,306
Jalan Taiping,residential,264.9,145,7,12,85
Jalan Piggot,residential,264.0,145,7,12,85
Lorong Sempadan 5,residential,263.2,145,7,12,85
Jalan Grove,residential,262.6,145,7,12,85
Persiaran Tembaga,residential,262.0,145,7,12,85
Lorong Singgora,residential,261.9,145,7,12,85
Lebuh Presgrave,unclassified,261.5,115,6,10,68
Jalan Hogan,residential,261.1,145,7,12,85
Jalan Dato Keramat,primary,260.8,522,27,45,306
Jalan Perak,secondary,260.7,406,21,35,238
Lorong Burma,residential,260.6,145,7,12,85
Jalan Utama,primary,260.0,522,27,45,306
Lebuh Sungai Pinang 8,tertiary,259.8,261,13,22,153
Jalan Masjid Negeri,trunk,258.2,638,33,55,374
Jalan Kebun Bunga,tertiary,257.6,261,13,22,153
Jalan Ayer Itam,primary,256.9,522,27,45,306
Jalan Ayer Itam,primary,256.7,522,27,45,306
Jalan Selama,residential,256.7,145,7,12,85
Solok Peirce,residential,256.7,145,7,12,85
Jalan Sultan Ahmad Shah,secondary,256.1,406,21,35,238
Tingkat Besi,residential,255.2,145,7,12,85
Jalan Penang,secondary,254.5,406,21,35,238
Lintang Hajjah Remah,residential,253.8,145,7,12,85
Jalan Concordia,residential,253.0,145,7,12,85
Jalan Dunlop,unclassified,253.0,115,6,10,68
Lebuh Western,residential,252.8,145,7,12,85
Jalan Pemenang,secondary,252.2,406,21,35,238
Persiaran Cantonment,residential,252.0,145,7,12,85
Jalan Ayer Itam,primary,251.6,522,27,45,306
Jalan Dato Keramat,primary,249.3,522,27,45,306
Lorong Air Terjun,residential,248.6,145,7,12,85
Jalan Free School,tertiary,247.8,261,13,22,153
Jalan Doktor Lim Chwee Leong,primary,247.5,522,27,45,306
Lebuh Noordin,unclassified,247.1,115,6,10,68
Jalan Grove,residential,246.6,145,7,12,85
Jalan Rawana,residential,246.2,145,7,12,85
Medan York,residential,246.1,145,7,12,85
Lorong Tampin,residential,246.0,145,7,12,85
Lebuhraya Peel,secondary,245.8,406,21,35,238
Jalan Bagan Serai,residential,245.7,145,7,12,85
Lebuh Victoria,unclassified,245.5,115,6,10,68
Lebuhraya Scott,residential,245.2,145,7,12,85
Jalan Joki,residential,242.0,145,7,12,85
Lorong Sekolah,residential,241.7,145,7,12,85
Lorong Lumba Kuda,residential,241.5,145,7,12,85
Medan Penaga,residential,241.2,145,7,12,85
Jalan Sekolah La Salle,residential,240.5,145,7,12,85
Medan Tembaga,residential,240.2,145,7,12,85
Persiaran Karpal Singh 1,tertiary,240.0,261,13,22,153
Jalan Merican,residential,239.9,145,7,12,85
Lebuh Chulia,secondary,239.8,406,21,35,238
Jalan Shaik Eusoff,residential,239.6,145,7,12,85
Jalan Kedah,residential,239.3,145,7,12,85
Jalan Cheeseman,residential,239.1,145,7,12,85
Lebuh Carnarvon,secondary,238.7,406,21,35,238
Jalan Osman Bin Kadir Lit,residential,238.0,145,7,12,85
Lorong Burma,residential,237.9,145,7,12,85
Persiaran Green,residential,237.8,145,7,12,85
Jalan Tokong Batu,residential,237.7,145,7,12,85
Jalan Pintal Tali,residential,237.1,145,7,12,85
Jalan C.O. Lim,residential,236.7,145,7,12,85
Medan York,residential,236.7,145,7,12,85
Pintasan Cecil,residential,236.7,145,7,12,85
Jalan Jelutong,primary,236.4,522,27,45,306
Jalan Kebun Nyiur,residential,236.3,145,7,12,85
Jalan Bukit Dumbar,unclassified,235.9,115,6,10,68
Jalan Thean Tek,primary,235.8,522,27,45,306
Lebuh Pantai,tertiary,235.4,261,13,22,153
Lebuhraya Babington,residential,234.6,145,7,12,85
Jalan Jelutong,primary,234.1,522,27,45,306
Jalan Birch,residential,233.7,145,7,12,85
Jalan Masjid Negeri,trunk,232.2,638,33,55,374
Lebuh Campbell,tertiary,231.8,261,13,22,153
Jalan D.S. Ramanathan,residential,231.7,145,7,12,85
Jalan Perusahaan Jelutong 2,unclassified,231.7,115,6,10,68
Jalan Timah,unclassified,231.7,115,6,10,68
Jalan Burma,secondary,231.5,406,21,35,238
Jalan Hijau 5,residential,230.6,145,7,12,85
Lengkok Sungai Pinang,unclassified,230.1,115,6,10,68
Lorong Edgecumbe,residential,229.7,145,7,12,85
Lorong Leandro's,residential,229.7,145,7,12,85
Medan Sungkai,residential,228.8,145,7,12,85
Jalan Kebun Bunga,tertiary,228.3,261,13,22,153
Jalan Midlands,residential,227.1,145,7,12,85
Glugor Green,residential,227.0,145,7,12,85
Lorong Delima 1,residential,227.0,145,7,12,85
Tingkat Jelutong,residential,226.6,145,7,12,85
Jalan Sitiawan,residential,226.5,145,7,12,85
Jalan Sri Bahari,unclassified,226.5,115,6,10,68
Lebuhraya Peel,secondary,226.4,406,21,35,238
Jalan Sungai,tertiary,225.7,261,13,22,153
Taman Hijau 1,residential,225.6,145,7,12,85
Lintang Delima 4,residential,225.1,145,7,12,85
Jalan Perak,secondary,224.7,406,21,35,238
Jalan Maqbul,residential,224.5,145,7,12,85
Jalan Gangsa,residential,224.2,145,7,12,85
Jalan Kelawai,secondary,223.5,406,21,35,238
Jalan Makloom,residential,221.9,145,7,12,85
Jalan Masjid Negeri,trunk,221.8,638,33,55,374
Jalan Kampung Malabar,residential,221.3,145,7,12,85
Jalan Khaw Sim Bee,residential,221.2,145,7,12,85
Taman Berjaya,residential,220.5,145,7,12,85
Jalan Tan Sri Teh Ewe Lim,secondary,220.1,406,21,35,238
Taman Berjaya,residential,219.4,145,7,12,85
Jalan Kurau,residential,219.3,145,7,12,85
Jalan Batu Gantung,unclassified,219.1,115,6,10,68
Jalan S.P. Chelliah,tertiary,219.0,261,13,22,153
Lebuh Presgrave,unclassified,218.4,115,6,10,68
Jalan Masjid Negeri,trunk,218.3,638,33,55,374
Lebuhraya Pykett,residential,217.8,145,7,12,85
Jalan Johor,unclassified,217.7,115,6,10,68
Jalan Yeoh Guan Seok,tertiary,216.1,261,13,22,153
Batu Green,residential,216.0,145,7,12,85
Jalan Burma,secondary,215.8,406,21,35,238
Lorong Bangkok,residential,215.8,145,7,12,85
Lebuh Pantai,tertiary,215.5,261,13,22,153
Lebuhraya Jelutong,residential,215.5,145,7,12,85
Jalan Macalister,primary,215.2,522,27,45,306
Pengkalan Weld,primary,215.0,522,27,45,306
Jalan Jelutong,primary,214.6,522,27,45,306
Jalan Makloom,residential,214.6,145,7,12,85
Persiaran Stadium,unclassified,214.6,115,6,10,68
Lebuh Victoria,tertiary,214.4,261,13,22,153
Pengkalan Weld,primary,213.7,522,27,45,306
Jalan Brook,residential,213.3,145,7,12,85
Jalan Merdeka,residential,213.3,145,7,12,85
Jalan Transfer,secondary,213.1,406,21,35,238
Jalan Bukit Dumbar,residential,212.7,145,7,12,85
Jalan Masjid Negeri,trunk,212.7,638,33,55,374
Solok Sungai Pinang 2,unclassified,212.7,115,6,10,68
Lebuh Pantai,tertiary,211.7,261,13,22,153
Lebuhraya Glugor,tertiary,211.3,261,13,22,153
Lebuhraya Scott,residential,211.1,145,7,12,85
Lorong Batu Lanchang,primary,210.6,522,27,45,306
Jalan Ayer Itam,primary,210.4,522,27,45,306
Lebuhraya Tun Doktor Lim Chong Eu,trunk,210.3,638,33,55,374
Jalan Haji Hashim Imam,residential,210.2,145,7,12,85
Jalan Barnett,residential,210.0,145,7,12,85
Lebuh Cintra,residential,209.5,145,7,12,85
Solok Bell,residential,209.3,145,7,12,85
Jalan Gurdwara,primary,208.7,522,27,45,306
Lebuhraya Besi,residential,208.3,145,7,12,85
Gerbang Midlands,residential,207.6,145,7,12,85
Solok York,residential,207.5,145,7,12,85
Lintang Delima 12,residential,206.9,145,7,12,85
Jalan Ross,tertiary,206.8,261,13,22,153
Taman Hijau 3,residential,206.4,145,7,12,85
Jalan Cheeseman,residential,206.0,145,7,12,85
Jalan Lim Mah Chye,residential,205.8,145,7,12,85
Lebuhraya Glugor,tertiary,205.5,261,13,22,153
Jalan Phuah Hin Leong,residential,204.4,145,7,12,85
Lorong Bidor,residential,203.3,145,7,12,85
Lorong Swatow,unclassified,203.3,115,6,10,68
Jalan Masjid Negeri,trunk,203.0,638,33,55,374
Jalan Brook,residential,202.8,145,7,12,85
Lorong Carnarvon,residential,202.7,145,7,12,85
Jalan C.Y. Choy,tertiary,202.5,261,13,22,153
Solok Jelutong,residential,202.2,145,7,12,85
Jalan Hutton,tertiary,202.0,261,13,22,153
Lintang Penawar 3,residential,201.8,145,7,12,85
Jalan Utama,primary,201.5,522,27,45,306
Lintang Delima 3,residential,201.3,145,7,12,85
Lorong Seratus Tahun,residential,201.2,145,7,12,85
Jalan Perak,primary,201.1,522,27,45,306
Jalan Kuala Kangsar,residential,200.5,145,7,12,85
Jalan Servis,residential,200.5,145,7,12,85
Lebuh Carnarvon,secondary,199.8,406,21,35,238
Lebuh Glugor,residential,199.8,145,7,12,85
Jalan Adams,residential,199.7,145,7,12,85
Jalan Chow Thye,residential,199.6,145,7,12,85
Jalan Tun Syed Sheh Barakbah,tertiary,199.5,261,13,22,153
Jalan Kim Bian Aik,residential,199.2,145,7,12,85
Lorong Baru,residential,199.1,145,7,12,85
Jalan Hamilton,primary,199.0,522,27,45,306
Jalan Jelutong,primary,199.0,522,27,45,306
Gat Lebuh Sandilands,residential,198.9,145,7,12,85
Lorong Kuching,residential,198.9,145,7,12,85
Jalan Kuda,residential,198.5,145,7,12,85
Lebuh Chulia,secondary,198.0,406,21,35,238
Persiaran Karpal Singh 2,tertiary,197.7,261,13,22,153
Solok Sungai Pinang 1,unclassified,197.6,115,6,10,68
Jalan Scotland,primary,197.3,522,27,45,306
Jalan Masjid Negeri,trunk,197.1,638,33,55,374
Lebuhraya Berjaya,residential,196.8,145,7,12,85
Lorong Kelawai,residential,196.8,145,7,12,85
Tingkat Besi 2,residential,196.7,145,7,12,85
Jalan Lenggong,primary,196.5,522,27,45,306
Jalan Hijau 1,residential,196.3,145,7,12,85
Jalan Lumba Kuda,residential,196.2,145,7,12,85
Lebuhraya Tun Doktor Lim Chong Eu,trunk,195.2,638,33,55,374
Medan Lim Cheng Teik,residential,195.1,145,7,12,85
Taman Besi,residential,195.1,145,7,12,85
Jalan Tavoy,residential,194.3,145,7,12,85
Lebuh Gereja,residential,194.1,145,7,12,85
Lengkok Sungai Pinang,residential,194.1,145,7,12,85
Jalan Berani,residential,193.5,145,7,12,85
Lebuh McNair,tertiary,193.0,261,13,22,153
Jalan Brown,residential,192.5,145,7,12,85
Lebuh China,residential,192.5,145,7,12,85
Lintang Jelutong,residential,191.8,145,7,12,85
Jalan Kennedy,residential,191.4,145,7,12,85
Jalan Pintal Tali,residential,190.6,145,7,12,85
Jalan Lunas,residential,190.5,145,7,12,85
Jalan Mas,residential,190.4,145,7,12,85
Jalan Residensi,secondary,190.4,406,21,35,238
Medan Penaga,residential,190.1,145,7,12,85
Jalan Masjid Negeri,trunk,189.7,638,33,55,374
Lorong Pulau Tikus,residential,189.4,145,7,12,85
Lebuh Tye Sin,unclassified,189.1,115,6,10,68
Lebuh Dickens,unclassified,188.7,115,6,10,68
Lebuh Queen,residential,188.7,145,7,12,85
Lebuhraya Tun Doktor Lim Chong Eu,trunk,188.5,638,33,55,374
Jalan Jelutong,primary,188.0,522,27,45,306
Jalan Perusahaan Jelutong,tertiary,187.9,261,13,22,153
Lorong Love,residential,187.8,145,7,12,85
Jalan Padang Victoria,residential,187.3,145,7,12,85
Lengkok Caunter,residential,187.2,145,7,12,85
Gat Lebuh Cecil,unclassified,186.8,115,6,10,68
Jalan Ayer Itam,primary,186.5,522,27,45,306
Lebuh Buckingham,tertiary,186.5,261,13,22,153
Jalan Penawar 1,residential,186.4,145,7,12,85
Jalan Sekolah La Salle,residential,185.4,145,7,12,85
Tingkat Jones,residential,185.4,145,7,12,85
Lorong Gangsa,residential,184.7,145,7,12,85
Jalan Raja Gopal,residential,184.3,145,7,12,85
Taman Jelutong,residential,183.4,145,7,12,85
Lengkok Free School,residential,182.9,145,7,12,85
Gat Lebuh Cecil,unclassified,182.5,115,6,10,68
Taman Lumba Kuda,residential,182.4,145,7,12,85
Lebuh Macallum,tertiary,181.6,261,13,22,153
Jalan Krian,residential,181.3,145,7,12,85
Lorong Tembaga,residential,181.3,145,7,12,85
Taman Hijau 2,residential,181.1,145,7,12,85
Lorong Air Terjun,residential,180.9,145,7,12,85
Gat Lebuh Leith,residential,180.8,145,7,12,85
Lintang Macallum 1,unclassified,180.6,115,6,10,68
Taman David Chen,residential,179.6,145,7,12,85
Solok Sekolah La Salle,residential,179.1,145,7,12,85
Solok Tembaga 3,residential,179.1,145,7,12,85
Medan Goh Guan Ho,residential,178.9,145,7,12,85
Jalan Penang,secondary,178.8,406,21,35,238
Gat Lebuh Maccallum,unclassified,178.7,115,6,10,68
Lebuh Gereja,residential,178.4,145,7,12,85
Jalan Larut,secondary,177.8,406,21,35,238
Gat Lebuh Chulia,secondary,177.7,406,21,35,238
Gat Lebuh Maccallum,unclassified,177.7,115,6,10,68
Gat Lebuh Presgrave,unclassified,177.2,115,6,10,68
Lebuhraya Batu Lanchang,tertiary,177.2,261,13,22,153
Solok Scotland,residential,177.1,145,7,12,85
Jalan Samak,residential,176.8,145,7,12,85
Lengkok Sungai Pinang,residential,176.5,145,7,12,85
Jalan Mandalay,residential,175.7,145,7,12,85
Jalan Ayer Itam,primary,175.6,522,27,45,306
Jalan Burma,secondary,175.6,406,21,35,238
Lebuh Nambya,residential,174.5,145,7,12,85
Lintang Macallum 1,unclassified,174.3,115,6,10,68
Jalan C.Y. Choy,tertiary,173.4,261,13,22,153
Jalan Ismail Cik Matt,residential,173.1,145,7,12,85
Jalan Selendang,residential,173.1,145,7,12,85
Jalan Imigresen,residential,173.0,145,7,12,85
Solok Slim,residential,172.9,145,7,12,85
Lebuh Sungai Pinang 3,residential,172.8,145,7,12,85
Jalan S.P. Chelliah,tertiary,172.5,261,13,22,153
Jalan Loh Boon Siew,residential,171.5,145,7,12,85
Lebuh Chulia,secondary,171.5,406,21,35,238
Jalan Utama,primary,171.1,522,27,45,306
Lorong Bell,residential,170.9,145,7,12,85
Jalan York,tertiary,170.6,261,13,22,153
Hala Sungai Pinang,unclassified,170.4,115,6,10,68
Jalan Dato Keramat,primary,169.9,522,27,45,306
Jalan Perlis,residential,169.9,145,7,12,85
Jalan Dato Keramat,primary,169.2,522,27,45,306
Jalan Sir Ibrahim,residential,169.1,145,7,12,85
Lebuh Pantai,tertiary,169.1,261,13,22,153
Jalan Munshi Abdullah,residential,168.8,145,7,12,85
Lebuhraya Tun Doktor Lim Chong Eu,trunk,168.4,638,33,55,374
Jalan Sungai,tertiary,167.8,261,13,22,153
Gat Jalan Prangin,primary,167.5,522,27,45,306
Lorong Chulia,residential,167.3,145,7,12,85
Jalan Burma,secondary,167.2,406,21,35,238
Lorong Penaga,residential,167.2,145,7,12,85
Jalan Lim Chin Guan,residential,167.0,145,7,12,85
Lorong Hijau Dua,residential,166.5,145,7,12,85
Jalan Ariffin,residential,165.7,145,7,12,85
Jalan Sungai Ujong,residential,165.7,145,7,12,85
Taman Perak,residential,165.7,145,7,12,85
Lebuhraya Rose,residential,165.5,145,7,12,85
Lintang P. Ramlee,residential,164.9,145,7,12,85
Taman Glugor,residential,164.9,145,7,12,85
Lebuhraya Batu Lanchang,tertiary,164.3,261,13,22,153
Gat Lebuh Noordin,unclassified,164.1,115,6,10,68
Lintang Gangsa Dua,residential,163.7,145,7,12,85
Lebuh Katz,unclassified,163.6,115,6,10,68
Jalan Scotland,primary,163.4,522,27,45,306
Solok Midlands,residential,163.3,145,7,12,85
Taman Hutchings,residential,163.2,145,7,12,85
Lorong Batu,residential,163.0,145,7,12,85
Jalan Veterinari,tertiary,162.9,261,13,22,153
Lebuh Acheh,residential,162.8,145,7,12,85
Lebuh Macallum,tertiary,162.5,261,13,22,153
Solok Dumbar,residential,162.5,145,7,12,85
Jalan Masjid Kapitan Keling,secondary,162.3,406,21,35,238
Jalan Kennedy,residential,162.0,145,7,12,85
Jalan Penaga,residential,162.0,145,7,12,85
Jalan Deva Pada,residential,161.9,145,7,12,85
Tingkat Tembaga,residential,161.8,145,7,12,85
Jalan Shaik Eusoff,residential,161.4,145,7,12,85
Halaman York,residential,161.3,145,7,12,85
Jalan Kemaman,residential,161.1,145,7,12,85
Lebuh Chulia,secondary,161.0,406,21,35,238
Lebuhraya Codrington,tertiary,161.0,261,13,22,153
Jalan Jelutong,primary,160.8,522,27,45,306
Solok Rawana,residential,160.6,145,7,12,85
Lorong Stewart,residential,160.5,145,7,12,85
Taman Kennedy,residential,160.2,145,7,12,85
Lorong Birch,residential,160.1,145,7,12,85
Jalan Gunaratana,residential,159.8,145,7,12,85
Gerbang Heah Swee Lee,residential,159.7,145,7,12,85
Jalan Dato Keramat,primary,159.6,522,27,45,306
Lebuh Armenian,residential,159.4,145,7,12,85
Lorong Glugor,residential,159.3,145,7,12,85
Jalan Cheong Fatt Tze,residential,159.2,145,7,12,85
Lebuh Jesselton Selatan 4,residential,158.8,145,7,12,85
Jalan Argyll,tertiary,158.4,261,13,22,153
Jalan Larut,secondary,158.4,406,21,35,238
Jalan Pintal Tali,residential,158.4,145,7,12,85
Lebuhraya Codrington,tertiary,158.4,261,13,22,153
Lorong Kulit,unclassified,158.1,115,6,10,68
Lebuh Sungai Pinang 7,unclassified,158.0,115,6,10,68
Jalan Dato Koyah,unclassified,157.9,115,6,10,68
Lebuh Carnarvon,residential,157.8,145,7,12,85
Jalan Ong Joo Sun,residential,157.3,145,7,12,85
Lebuh Jesselton Selatan 5,residential,157.2,145,7,12,85
Solok Tavoy,residential,157.1,145,7,12,85
Jalan Ahmad Nor,secondary,156.8,406,21,35,238
Jalan Panchor,residential,156.3,145,7,12,85
Jalan Ibbetson,residential,156.0,145,7,12,85
Jalan Penawar,residential,156.0,145,7,12,85
Jalan Ooi Thiam Siew,residential,155.9,145,7,12,85
Jalan Doktor Lim Chwee Leong,primary,155.7,522,27,45,306
Lebuh Bakau,residential,155.0,145,7,12,85
Pintasan Cecil 5,residential,154.8,145,7,12,85
Taman Hutchings,residential,154.8,145,7,12,85
Jalan Van Praagh,secondary,154.7,406,21,35,238
Jalan Brown,residential,154.5,145,7,12,85
Lebuhraya Mas,residential,154.5,145,7,12,85
Lebuhraya Bodhi,residential,154.3,145,7,12,85
Gat Lebuh Acheh,residential,154.1,145,7,12,85
Jalan Hamilton,secondary,154.0,406,21,35,238
Jalan Ahmad Nor,secondary,153.9,406,21,35,238
Jalan Ayer Itam,residential,153.8,145,7,12,85
Taman Glugor,residential,153.7,145,7,12,85
Lintang Sungai Pinang,residential,153.1,145,7,12,85
Lorong Love,residential,153.1,145,7,12,85
Lorong Hijau Tiga,residential,152.7,145,7,12,85
Lebuh Cintra,residential,152.6,145,7,12,85
Jalan Jelutong,primary,152.5,522,27,45,306
Solok Thean Teik,residential,152.3,145,7,12,85
Jalan Raja Gopal,residential,152.2,145,7,12,85
Medan Trengganu,residential,152.2,145,7,12,85
Jalan Kebun Bunga,tertiary,151.2,261,13,22,153
Jalan Utama,tertiary,151.0,261,13,22,153
Jalan Perak,residential,150.9,145,7,12,85
Jalan Bagan Serai,residential,150.7,145,7,12,85
Solok Brook,residential,150.7,145,7,12,85
Jalan Lenggong,primary,150.6,522,27,45,306
Medan Trengganu,residential,150.6,145,7,12,85
Jalan Sultan Ahmad Shah,secondary,150.3,406,21,35,238
Lebuh Duke,unclassified,149.9,115,6,10,68
Taman Sir Hussein,residential,149.9,145,7,12,85
Lebuh Victoria,tertiary,149.5,261,13,22,153
Jalan Sultan Ahmad Shah,secondary,149.3,406,21,35,238
Jalan P. Ramlee,tertiary,149.2,261,13,22,153
Lebuh Leith,secondary,148.9,406,21,35,238
Lorong Pykett,residential,148.8,145,7,12,85
Jalan Besi,tertiary,148.5,261,13,22,153
Lebuh Katz,unclassified,148.2,115,6,10,68
Lebuh Pasar,residential,147.9,145,7,12,85
Jalan Kedah,residential,147.8,145,7,12,85
Jalan Selangor,residential,147.7,145,7,12,85
Pengkalan Weld,primary,147.5,522,27,45,306
Lebuhraya Tun Doktor Lim Chong Eu,trunk,147.4,638,33,55,374
Taman Sir Hussein,residential,147.4,145,7,12,85
Lengkok Batu Lanchang,residential,147.3,145,7,12,85
Persiaran Cantonment,residential,147.2,145,7,12,85
Solok Tembaga 2,residential,147.2,145,7,12,85
Solok Tembaga 1,residential,146.7,145,7,12,85
Jalan Perak,secondary,146.1,406,21,35,238
Jalan Thorpe,residential,146.1,145,7,12,85
Jalan Besi,tertiary,145.9,261,13,22,153
Taman Scotland,residential,145.9,145,7,12,85
Lebuh China,residential,145.4,145,7,12,85
Lebuhraya Tun Doktor Lim Chong Eu,trunk,145.3,638,33,55,374
Taman Perak,residential,145.3,145,7,12,85
Jalan Anson,secondary,145.1,406,21,35,238
Lorong Seck Chuan,residential,145.1,145,7,12,85
Jalan Deva Pada,residential,144.9,145,7,12,85
Lorong Damai,residential,144.2,145,7,12,85
Gat Lebuh Maccallum,unclassified,144.0,115,6,10,68
Gat Lebuh Maccallum,unclassified,143.6,115,6,10,68
Lorong Tenang,residential,143.4,145,7,12,85
Gat Lebuh Maccallum,unclassified,143.3,115,6,10,68
Jalan Dato Keramat,primary,143.0,522,27,45,306
Jalan Wright,residential,143.0,145,7,12,85
Lintang Gangsa,residential,143.0,145,7,12,85
Solok Berek,residential,143.0,145,7,12,85
Jalan Kelantan,residential,142.8,145,7,12,85
Lorong Hijau 4,residential,142.7,145,7,12,85
Lorong Glugor,residential,142.6,145,7,12,85
Jalan Dato Keramat,primary,142.5,522,27,45,306
Jalan Free School,tertiary,142.5,261,13,22,153
Jalan Tun Syed Sheh Barakbah,tertiary,142.5,261,13,22,153
Lorong Gemilang,residential,142.5,145,7,12,85
Lebuh Bakau,residential,142.3,145,7,12,85
Jalan Dato Keramat,primary,142.1,522,27,45,306
Jalan Perak,secondary,142.1,406,21,35,238
Lorong Slim,residential,141.8,145,7,12,85
Lebuh Kimberley,residential,141.2,145,7,12,85
Lebuh Armenian,residential,141.1,145,7,12,85
Lorong Ceylon,residential,141.1,145,7,12,85
Jalan Bersih,residential,140.8,145,7,12,85
Jalan Free School,tertiary,140.8,261,13,22,153
Jalan Masjid Negeri,trunk,140.8,638,33,55,374
Jalan Cheah Choo Yew,residential,140.5,145,7,12,85
Lebuh Tamil,residential,140.5,145,7,12,85
Lebuhraya Glugor,tertiary,140.4,261,13,22,153
Solok Slim,residential,140.4,145,7,12,85
Lengkok Dumbar,residential,140.3,145,7,12,85
Jalan Burma,secondary,140.0,406,21,35,238
Jalan Abdullah Ariff,residential,139.8,145,7,12,85
Jalan Van Praagh,secondary,139.8,406,21,35,238
Jalan Bakau,unclassified,139.7,115,6,10,68
Persiaran Perak,residential,139.7,145,7,12,85
Jalan Abdullah Ariff,residential,139.6,145,7,12,85
Medan Trengganu,residential,139.5,145,7,12,85
Gerbang Berjaya,residential,139.3,145,7,12,85
Jalan Masjid Negeri,trunk,139.2,638,33,55,374
Jalan Hamilton,secondary,139.0,406,21,35,238
Jalan Anson,secondary,138.9,406,21,35,238
Jalan Tekong,residential,138.9,145,7,12,85
Lebuh Leith,tertiary,138.4,261,13,22,153
Taman Dr. Wu Lien-Teh,residential,138.4,145,7,12,85
Taman Gottlieb,residential,138.3,145,7,12,85
Jalan Peirce,residential,138.2,145,7,12,85
Jalan Chowrasta,residential,137.9,145,7,12,85
Jalan Burma,secondary,137.8,406,21,35,238
Solok Piggot,residential,137.7,145,7,12,85
Taman Lumba Kuda,residential,137.7,145,7,12,85
Pintasan Cecil 4,residential,137.3,145,7,12,85
Jalan Transfer,secondary,137.2,406,21,35,238
Lengkok Berjaya,residential,137.1,145,7,12,85
Jalan Sungai Pinang,secondary,136.6,406,21,35,238
Lengkok Haji Ahmad,residential,136.4,145,7,12,85
Lengkok Berjaya,residential,136.3,145,7,12,85
Jalan Magazine,primary,135.7,522,27,45,306
Jalan Thorpe,residential,135.7,145,7,12,85
Jalan Utama,primary,135.6,522,27,45,306
Lebuh Sungai Pinang,tertiary,135.6,261,13,22,153
Solok Thean Teik 2,unclassified,135.5,115,6,10,68
Jalan Haji Ali,residential,135.4,145,7,12,85
Jalan Masjid Negeri,trunk,135.3,638,33,55,374
Lebuh Light,secondary,135.0,406,21,35,238
Lorong Pasar,residential,134.4,145,7,12,85
Jalan Anson,secondary,134.3,406,21,35,238
Jalan Ibbetson,residential,133.6,145,7,12,85
Jalan Dharma,residential,133.5,145,7,12,85
Lebuh Ong Chong Keng,residential,133.5,145,7,12,85
Lorong Susu,residential,133.3,145,7,12,85
Jalan Ayer Itam,primary,133.1,522,27,45,306
Lorong Amoy,residential,133.1,145,7,12,85
Lebuh Pantai,tertiary,132.7,261,13,22,153
Cangkat Dumbar,residential,132.6,145,7,12,85
Jalan Cheeseman,residential,132.5,145,7,12,85
Jalan Kuala Kangsar,residential,132.1,145,7,12,85
Jalan Sekolah La Salle,residential,132.0,145,7,12,85
Jalan Tan Sri Teh Ewe Lim,secondary,131.9,406,21,35,238
Solok Van Praagh,residential,131.8,145,7,12,85
Lebuh Cecil,unclassified,131.7,115,6,10,68
Lintang Tengku,residential,131.7,145,7,12,85
Lebuhraya Thean Tek,primary,131.5,522,27,45,306
Jalan Scotland,primary,131.4,522,27,45,306
Jalan Cheeseman,residential,131.3,145,7,12,85
Jalan Gopeng,residential,131.3,145,7,12,85
Lorong Toh Aka,residential,131.3,145,7,12,85
Jalan Besi,tertiary,131.2,261,13,22,153
Taman Lumba Kuda,residential,130.9,145,7,12,85
Solok Scotland,residential,130.4,145,7,12,85
Jalan Bagan Serai,residential,130.2,145,7,12,85
Jalan Masjid Negeri,trunk,130.2,638,33,55,374
Jalan Piggot,residential,130.2,145,7,12,85
Jalan Han Chiang,residential,130.0,145,7,12,85
Jalan A.S. Mansoor,residential,129.9,145,7,12,85
Solok Cantonment,residential,129.9,145,7,12,85
Kampung Jawa Baru,tertiary,129.6,261,13,22,153
Lebuhraya Merdeka,residential,129.5,145,7,12,85
Lebuh Farquhar,secondary,129.2,406,21,35,238
Jalan Penang,primary,128.7,522,27,45,306
Lengkok York,residential,128.7,145,7,12,85
Tingkat Besi 1,residential,128.7,145,7,12,85
Jalan Hijau 2,residential,128.6,145,7,12,85
Jalan Macalister,secondary,128.6,406,21,35,238
Lebuh Penang,residential,128.6,145,7,12,85
Jalan Lim Eow Thoon,residential,128.5,145,7,12,85
Lengkok Moulmein,residential,128.5,145,7,12,85
Lebuh Bishop,residential,128.0,145,7,12,85
Jalan Trengganu,secondary,127.9,406,21,35,238
Lebuh Sungai Pinang 6,unclassified,127.9,115,6,10,68
Lorong Amoy,residential,127.2,145,7,12,85
Lintang Bakau,residential,127.1,145,7,12,85
Jalan Residensi,secondary,127.0,406,21,35,238
Lebuh Farquhar,secondary,126.6,406,21,35,238
Lebuh Tye Sin,unclassified,126.5,115,6,10,68
Pintasan Cecil 2,residential,126.4,145,7,12,85
Jalan Che Rose,residential,126.1,145,7,12,85
Jalan Talipon,residential,125.5,145,7,12,85
Lorong Berjaya,residential,125.4,145,7,12,85
Lorong Tembaga,residential,124.6,145,7,12,85
Lebuh Nanning,residential,124.4,145,7,12,85
Lorong Cantik,residential,124.4,145,7,12,85
Pintasan Cecil 3,residential,124.0,145,7,12,85
Jalan Kota Giam,residential,123.8,145,7,12,85
Lorong Popus,residential,123.8,145,7,12,85
Lengkok Batu Lanchang,residential,123.7,145,7,12,85
Jalan Perak,secondary,123.5,406,21,35,238
Gat Lebuh Armenian,unclassified,123.4,115,6,10,68
Jalan Thean Tek,primary,122.9,522,27,45,306
Jalan Burma,secondary,122.7,406,21,35,238
Lengkok Nunn,residential,122.7,145,7,12,85
Jalan Jelutong,primary,122.6,522,27,45,306
Taman Gottlieb,residential,122.1,145,7,12,85
Tingkat Burma,residential,121.4,145,7,12,85
Lebuh King,residential,120.6,145,7,12,85
Jalan Skipton,residential,120.1,145,7,12,85
Lebuh Bakau,residential,119.8,145,7,12,85
Jalan C.Y. Choy,tertiary,119.7,261,13,22,153
Jalan Dinding,residential,119.7,145,7,12,85
Lengkok Jesselton,residential,119.7,145,7,12,85
Jalan Burma,secondary,119.6,406,21,35,238
Jalan Gottlieb,primary,119.6,522,27,45,306
Persiaran Midlands,residential,119.6,145,7,12,85
Lintang Gangsa Satu,residential,119.5,145,7,12,85
Jalan Slim,residential,119.1,145,7,12,85
Jalan Lim Mah Chye,residential,118.8,145,7,12,85
Solok Batu Lanchang,residential,118.8,145,7,12,85
Lebuhraya Tun Doktor Lim Chong Eu,trunk,118.7,638,33,55,374
Lintang Lumba Kuda 1,residential,118.5,145,7,12,85
Lebuh Sungai Pinang 1,tertiary,117.8,261,13,22,153
Jalan Maqbul,residential,117.7,145,7,12,85
Lebuhraya Tun Doktor Lim Chong Eu,trunk,117.7,638,33,55,374
Lorong Batu Gajah,residential,117.7,145,7,12,85
Jalan Mas,residential,117.6,145,7,12,85
Jalan Perak,secondary,117.5,406,21,35,238
Jalan Tan Sri Teh Ewe Lim,secondary,117.5,406,21,35,238
Lintang Delima 15,residential,117.2,145,7,12,85
Solok Burma,residential,117.2,145,7,12,85
Jalan Nanking,unclassified,117.1,115,6,10,68
Jalan Haji Ali,residential,116.7,145,7,12,85
Solok Thean Teik,residential,116.6,145,7,12,85
Lebuh Sungai Pinang 1,tertiary,116.2,261,13,22,153
Jalan Hikmat,residential,116.0,145,7,12,85
Lorong Ikan,residential,116.0,145,7,12,85
Jalan Bawasah,residential,115.9,145,7,12,85
Solok Sungai Pinang,residential,115.9,145,7,12,85
Taman Berjaya,residential,115.8,145,7,12,85
Jalan Nagor,residential,115.6,145,7,12,85
Lebuh Farquhar,secondary,115.6,406,21,35,238
Persiaran Mas,residential,115.5,145,7,12,85
Jalan Patani,secondary,115.3,406,21,35,238
Jalan Ria,tertiary,115.3,261,13,22,153
Jalan Burma,secondary,115.0,406,21,35,238
Lebuh King,residential,114.4,145,7,12,85
Lorong Batu Lanchang,primary,114.4,522,27,45,306
Pesara Claimant,unclassified,113.6,115,6,10,68
Solok Sungai Pinang,residential,113.6,145,7,12,85
Jalan Bukom,residential,112.9,145,7,12,85
Jalan Jeti Jelutong,residential,112.9,145,7,12,85
Lebuh Penang,residential,112.7,145,7,12,85
Lengkok Nunn,residential,112.7,145,7,12,85
Jalan Irawadi,residential,112.4,145,7,12,85
Lebuh Ah Quee,residential,112.1,145,7,12,85
Taman Hutchings,residential,112.1,145,7,12,85
Lebuh Acheh,residential,112.0,145,7,12,85
Lebuhraya Tun Doktor Lim Chong Eu,trunk,111.8,638,33,55,374
Jalan Ayer Itam,primary,111.3,522,27,45,306
Lebuh Farquhar,secondary,111.1,406,21,35,238
Jalan Macalister,secondary,111.0,406,21,35,238
Lorong Peirce,residential,110.9,145,7,12,85
Jalan Patani,secondary,110.8,406,21,35,238
Jalan Van Praagh,secondary,110.7,406,21,35,238
Halaman Macalister,residential,110.1,145,7,12,85
Jalan Ayer Itam,primary,110.1,522,27,45,306
Kampung Jawa Lama,unclassified,109.7,115,6,10,68
Jalan Gottlieb,primary,108.8,522,27,45,306
Lebuh Pasar,residential,108.8,145,7,12,85
Halaman Seh Tan,residential,108.4,145,7,12,85
Lintang Mas,residential,108.4,145,7,12,85
Solok Gangsa,residential,108.3,145,7,12,85
Jalan Kennedy,residential,107.8,145,7,12,85
Jalan Slim,residential,107.6,145,7,12,85
Lorong Delima 1,residential,107.5,145,7,12,85
Jalan Gurdwara,primary,107.3,522,27,45,306
Jalan Sekolah La Salle,residential,107.0,145,7,12,85
Lorong Hijau Satu,residential,107.0,145,7,12,85
Jalan Cantonment,secondary,106.5,406,21,35,238
Taman Air Raja,residential,106.4,145,7,12,85
Pengkalan Weld,primary,106.1,522,27,45,306
Jalan Gottlieb,primary,106.0,522,27,45,306
Lebuh Cannon,residential,106.0,145,7,12,85
Solok Jesselton,residential,105.9,145,7,12,85
Taman Lumba Kuda,residential,105.9,145,7,12,85
Jalan Gottlieb,primary,105.7,522,27,45,306
Jalan Ayer Itam,residential,105.4,145,7,12,85
Jalan Cantonment,secondary,105.4,406,21,35,238
Jalan Dato Keramat,primary,105.4,522,27,45,306
Lebuhraya Tun Doktor Lim Chong Eu,trunk,105.4,638,33,55,374
Jalan Ayer Itam,primary,105.1,522,27,45,306
Jalan Sultan Ahmad Shah,secondary,105.1,406,21,35,238
Jalan Ayer Itam,primary,104.8,522,27,45,306
Lebuhraya Tun Doktor Lim Chong Eu,trunk,104.8,638,33,55,374
Taman Jelutong,residential,104.5,145,7,12,85
Gerbang Edgecumbe,residential,104.2,145,7,12,85
Jalan Macalister,secondary,104.2,406,21,35,238
Jalan Timah,unclassified,104.2,115,6,10,68
Lorong Hijau Lima,residential,104.2,145,7,12,85
Medan Lim Cheng Teik,residential,104.1,145,7,12,85
Lebuh Tek Soon,unclassified,103.7,115,6,10,68
Jalan Nagor,residential,103.4,145,7,12,85
Jalan Burma,secondary,103.3,406,21,35,238
Lorong Aman,residential,103.3,145,7,12,85
Jalan Masjid Kapitan Keling,secondary,103.2,406,21,35,238
Lebuhraya Tun Doktor Lim Chong Eu,trunk,103.0,638,33,55,374
Lorong Shaik Eusoff,unclassified,103.0,115,6,10,68
Jalan Trang,unclassified,102.8,115,6,10,68
Lorong Perak,tertiary,102.7,261,13,22,153
Solok Birch,residential,102.7,145,7,12,85
Lebuhraya Tun Doktor Lim Chong Eu,trunk,102.4,638,33,55,374
Persiaran Karpal Singh 2,tertiary,102.4,261,13,22,153
Jalan Burma,secondary,102.2,406,21,35,238
Jalan Kek Chuan,residential,102.2,145,7,12,85
Lebuh Sungai Pinang,tertiary,102.1,261,13,22,153
Halaman Bakau,unclassified,102.0,115,6,10,68
Jalan Phee Choon,unclassified,102.0,115,6,10,68
Jalan Kelawai,secondary,101.7,406,21,35,238
Lebuhraya Cantonment,residential,101.3,145,7,12,85
Jalan Sir Ibrahim,residential,101.2,145,7,12,85
Jalan Tunku Abdul Rahman,residential,101.2,145,7,12,85
Lebuh Cecil,unclassified,101.2,115,6,10,68
Lintang Besi,residential,101.1,145,7,12,85
Cangkat Dumbar,residential,101.0,145,7,12,85
Jalan C.Y. Choy,tertiary,100.8,261,13,22,153
Lorong Shaik Eusoff,unclassified,100.8,115,6,10,68
Solok Slim 1,residential,100.8,145,7,12,85
Lebuh McNair,tertiary,100.7,261,13,22,153
Medan Trengganu,residential,100.7,145,7,12,85
Lorong Hijau Lima,residential,100.5,145,7,12,85
Solok Sungai Pinang 4,unclassified,100.4,115,6,10,68
Lebuhraya Tun Doktor Lim Chong Eu,trunk,100.3,638,33,55,374
Solok Sungai Pinang 6,unclassified,100.3,115,6,10,68
Jalan Macalister,secondary,100.2,406,21,35,238
Solok Tembaga 4,residential,100.0,145,7,12,85
Jalan Tembaga,tertiary,99.8,261,13,22,153
Lebuh Sungai Pinang 1,tertiary,99.8,261,13,22,153
Jalan Masjid Negeri,trunk,99.7,638,33,55,374
Jalan Tan Sri Teh Ewe Lim,secondary,99.7,406,21,35,238
Jalan Han Chiang,residential,99.6,145,7,12,85
Halaman Perak,residential,99.5,145,7,12,85
Jalan Burma,secondary,99.5,406,21,35,238
Lebuh McNair,tertiary,99.5,261,13,22,153
Jalan Larut,secondary,99.4,406,21,35,238
Solok Free School,residential,99.4,145,7,12,85
Lebuh Tek Soon,unclassified,99.3,115,6,10,68
Solok Sungai Pinang 5,unclassified,99.2,115,6,10,68
Persiaran Gurney,secondary,99.1,406,21,35,238
Jalan Van Praagh,secondary,99.0,406,21,35,238
Jalan Ayer Itam,primary,98.9,522,27,45,306
Solok Sungai Pinang 3,unclassified,98.8,115,6,10,68
Lebuh McNair,tertiary,98.7,261,13,22,153
Gat Lebuh Cecil,unclassified,98.5,115,6,10,68
Lorong Kebun Nyiur,residential,98.4,145,7,12,85
Jalan Van Praagh,secondary,98.3,406,21,35,238
Lebuh McNair,tertiary,98.2,261,13,22,153
Jalan C.Y. Choy,tertiary,98.0,261,13,22,153
Jalan Tull,residential,98.0,145,7,12,85
Jalan Van Praagh,secondary,98.0,406,21,35,238
Lebuh Nanning,residential,98.0,145,7,12,85
Jalan Macalister,secondary,97.9,406,21,35,238
Lebuh McNair,tertiary,97.9,261,13,22,153
Jalan Ayer Itam,primary,97.8,522,27,45,306
Lintang Merdeka,residential,97.8,145,7,12,85
Jalan Ayer Itam,primary,97.7,522,27,45,306
Jalan Dato Keramat,primary,97.7,522,27,45,306
Jalan Sungai Pinang,secondary,97.7,406,21,35,238
Lebuh Kimberley,residential,97.7,145,7,12,85
Lintang Tembaga,residential,97.7,145,7,12,85
Jalan Ahmad Nor,secondary,97.6,406,21,35,238
Jalan Jelutong,primary,97.5,522,27,45,306
Lebuh Herriot,unclassified,97.2,115,6,10,68
Jalan Philips,residential,97.0,145,7,12,85
Lebuhraya Tun Doktor Lim Chong Eu,trunk,96.7,638,33,55,374
Jalan Bawasah,residential,96.2,145,7,12,85
Jalan C.Y. Choy,tertiary,96.0,261,13,22,153
Jalan Masjid Kapitan Keling,secondary,95.9,406,21,35,238
Medan Maktab,residential,95.9,145,7,12,85
Jalan Irving,residential,95.8,145,7,12,85
Jalan Masjid Negeri,trunk,95.7,638,33,55,374
Taman Glugor,residential,95.7,145,7,12,85
Jalan Magazine,primary,95.6,522,27,45,306
Jalan Dato Keramat,primary,95.5,522,27,45,306
Jalan Trengganu,secondary,95.4,406,21,35,238
Lorong Gemang,residential,95.3,145,7,12,85
Persiaran Perak,residential,95.2,145,7,12,85
Tingkat Mas,residential,95.1,145,7,12,85
Jalan Anson,secondary,94.9,406,21,35,238
Jalan Penang,primary,94.9,522,27,45,306
Solok Mas,residential,94.8,145,7,12,85
Lorong Kaya,residential,94.4,145,7,12,85
Solok Rawana,residential,94.1,145,7,12,85
Jalan Penawar 2,residential,94.0,145,7,12,85
Lilitan Hargreaves,residential,93.9,145,7,12,85
Lintang Penawar 2,residential,93.6,145,7,12,85
Jalan Macalister,secondary,93.5,406,21,35,238
Medan Maktab,residential,93.5,145,7,12,85
Solok Burma,residential,93.3,145,7,12,85
Lintang Burma,residential,93.1,145,7,12,85
Gat Lebuh Armenian,unclassified,93.0,115,6,10,68
Jalan S.P. Chelliah,tertiary,92.8,261,13,22,153
Solok Air Rajah,residential,92.8,145,7,12,85
Gat Lebuh Melayu,residential,92.6,145,7,12,85
Jalan Burma,secondary,92.6,406,21,35,238
Jalan Brown,residential,92.5,145,7,12,85
Jalan Khoo Sian Ewe,unclassified,92.5,115,6,10,68
Lorong Bakau,residential,92.2,145,7,12,85
Jalan Tembaga,tertiary,91.8,261,13,22,153
Solok Thaton,residential,91.3,145,7,12,85
Lintang Abdullah Ariff,residential,91.2,145,7,12,85
Taman Jesselton,residential,91.2,145,7,12,85
Jalan Abdullah Ariff,residential,91.0,145,7,12,85
Jalan Cantonment,secondary,90.8,406,21,35,238
Taman Air Raja,residential,90.8,145,7,12,85
Jalan D.S. Ramanathan,residential,90.7,145,7,12,85
Jalan Ooi Thiam Siew,residential,90.6,145,7,12,85
Solok Gangsa 1,residential,90.5,145,7,12,85
Jalan Grove,residential,90.4,145,7,12,85
Jalan Moulmein,residential,90.4,145,7,12,85
Medan Lumba Kuda,residential,90.4,145,7,12,85
Lorong Sungai Pinang,residential,90.3,145,7,12,85
Jalan Slim,residential,90.1,145,7,12,85
Jalan Ayer Itam,primary,90.0,522,27,45,306
Solok Larut,unclassified,90.0,115,6,10,68
Jalan Larut,secondary,89.8,406,21,35,238
Jalan Lim Eow Thoon,residential,89.8,145,7,12,85
Jalan Ayer Itam,primary,89.7,522,27,45,306
Solok Jones,residential,89.7,145,7,12,85
Solok Scott,residential,89.4,145,7,12,85
Jalan Hamilton,secondary,89.2,406,21,35,238
Lilitan Hargreaves,residential,89.2,145,7,12,85
Jalan Tan Sri Teh Ewe Lim,secondary,89.1,406,21,35,238
Jalan Dr. Wu Lien Teh,tertiary,88.9,261,13,22,153
Lebuh Sungai Pinang,tertiary,88.9,261,13,22,153
Lorong Hijau Lapan,residential,88.9,145,7,12,85
Jalan Padang Tembak,tertiary,88.6,261,13,22,153
Lebuh Penang,residential,88.5,145,7,12,85
Halaman Burma,residential,88.4,145,7,12,85
Jalan Ayer Itam,primary,88.4,522,27,45,306
Jalan Kelawai,secondary,88.4,406,21,35,238
Jalan Sir Hussein,residential,88.2,145,7,12,85
Kampung Jawa Baru,tertiary,88.2,261,13,22,153
Jalan Dr. Wu Lien Teh,tertiary,88.1,261,13,22,153
Medan Trengganu,residential,88.1,145,7,12,85
Jalan Dr. Wu Lien Teh,tertiary,88.0,261,13,22,153
Lorong Toh Aka,residential,88.0,145,7,12,85
Solok Tembaga,residential,88.0,145,7,12,85
Lintang Sungai Pinang 1,unclassified,87.9,115,6,10,68
Jalan Father A. Julien,residential,87.8,145,7,12,85
Jalan Cantonment,secondary,87.7,406,21,35,238
Lorong Hijau Tujuh,residential,87.7,145,7,12,85
Lebuh Carnarvon,secondary,87.5,406,21,35,238
Jalan Merican,residential,87.4,145,7,12,85
Jalan Yeoh Cheang Aun,residential,87.4,145,7,12,85
Taman Gottlieb,residential,87.4,145,7,12,85
Jalan Masjid Negeri,trunk,86.9,638,33,55,374
Medan Penaga,residential,86.9,145,7,12,85
Jalan Cheah Choo Yew,residential,86.8,145,7,12,85
Solok Lenggong,residential,86.8,145,7,12,85
Lebuhraya Thean Tek,primary,86.5,522,27,45,306
Jalan Ong Joo Sun,residential,86.3,145,7,12,85
Solok Besi,residential,86.3,145,7,12,85
Jalan Jelutong,primary,85.8,522,27,45,306
Jalan Sultan Ahmad Shah,secondary,85.8,406,21,35,238
Lintang Delima 5,residential,85.8,145,7,12,85
Lorong Juru,residential,85.7,145,7,12,85
Solok Brook,residential,85.7,145,7,12,85
Halaman Hargreaves,residential,85.5,145,7,12,85
Jalan Trem,residential,85.5,145,7,12,85
Persiaran Karpal Singh 2,tertiary,85.5,261,13,22,153
Lintang Md Taib,residential,85.4,145,7,12,85
Jalan Shaik Eusoff,residential,85.2,145,7,12,85
Solok Serani,residential,85.1,145,7,12,85
Hala Sungai Pinang,unclassified,85.0,115,6,10,68
Jalan Padang Tembak,tertiary,85.0,261,13,22,153
Jalan Sungai Pinang,secondary,85.0,406,21,35,238
Jalan Sungai Pinang,secondary,85.0,406,21,35,238
Pintasan Cecil 8,residential,85.0,145,7,12,85
Solok Goh Guan Ho Dua,residential,84.7,145,7,12,85
Jalan Hutton,tertiary,84.6,261,13,22,153
Lorong Lumut,residential,84.4,145,7,12,85
Jalan Perak,secondary,84.2,406,21,35,238
Lorong Seremban,residential,84.1,145,7,12,85
Lintang Pasar,residential,84.0,145,7,12,85
Jalan Hijau 5,residential,83.9,145,7,12,85
Solok Moulmein,unclassified,83.7,115,6,10,68
Solok Tavoy,residential,83.7,145,7,12,85
Jalan Macalister,secondary,83.6,406,21,35,238
Jalan Sultan Ahmad Shah,secondary,83.4,406,21,35,238
Jalan Moulmein,residential,83.3,145,7,12,85
Lorong Stewart,residential,83.3,145,7,12,85
Pengkalan Weld,primary,83.1,522,27,45,306
Jalan Gottlieb,primary,83.0,522,27,45,306
Jalan Pangkor,secondary,82.8,406,21,35,238
Solok Bell,residential,82.7,145,7,12,85
Pengkalan Weld,primary,82.5,522,27,45,306
Jalan Gottlieb,primary,82.4,522,27,45,306
Medan Penaga,residential,82.4,145,7,12,85
Jalan Ong Joo Sun,residential,82.2,145,7,12,85
Lorong Juru,residential,82.1,145,7,12,85
Lorong York,residential,81.8,145,7,12,85
Jalan Masjid Negeri,trunk,81.7,638,33,55,374
Jalan Ayer Itam,primary,81.6,522,27,45,306
Persiaran Mas,residential,81.6,145,7,12,85
Jalan Samak,residential,81.5,145,7,12,85
Jalan Sultan Ahmad Shah,secondary,81.3,406,21,35,238
Lintang P. Ramlee,residential,81.2,145,7,12,85
Jalan Ibbetson,residential,81.0,145,7,12,85
Jalan Masjid Kapitan Keling,secondary,80.9,406,21,35,238
Lebuh Clarke,unclassified,80.9,115,6,10,68
Range Road,residential,80.9,145,7,12,85
Solok Tavoy,residential,80.9,145,7,12,85
Gat Lebuh Maccallum,tertiary,80.6,261,13,22,153
Gat Lebuh Maccallum,tertiary,80.4,261,13,22,153
Lebuh Clarke,unclassified,80.4,115,6,10,68
Jalan Padang Tembak,tertiary,80.3,261,13,22,153
Jalan Kennedy,residential,80.2,145,7,12,85
Lorong Hijau Enam,residential,80.1,145,7,12,85
Gat Jalan Magazine,primary,79.6,522,27,45,306
Gat Lebuh Maccallum,tertiary,79.6,261,13,22,153
Jalan Hamilton,secondary,79.6,406,21,35,238
Jalan Jelutong,primary,79.5,522,27,45,306
Lintang Hijau,residential,79.4,145,7,12,85
Gat Lebuh Maccallum,tertiary,79.3,261,13,22,153
Jalan Sungai Pinang,secondary,79.3,406,21,35,238
Jalan Sungai Pinang,secondary,79.2,406,21,35,238
Taman Free School,residential,79.1,145,7,12,85
Gat Jalan Magazine,primary,78.8,522,27,45,306
Jalan Gottlieb,primary,78.8,522,27,45,306
Lebuhraya Tun Doktor Lim Chong Eu,trunk,78.8,638,33,55,374
Jalan Free School,tertiary,78.7,261,13,22,153
Lorong Argus,residential,78.6,145,7,12,85
Lorong Kulit,unclassified,78.2,115,6,10,68
Persiaran Kuari,unclassified,78.1,115,6,10,68
Jalan Dato Keramat,primary,78.0,522,27,45,306
Jalan Penaga,residential,78.0,145,7,12,85
Lorong Ngah Aboo,residential,78.0,145,7,12,85
Solok Jalan Utama,residential,78.0,145,7,12,85
Lengkok Lumba Kuda,residential,77.8,145,7,12,85
Lengkok Ariff,residential,77.6,145,7,12,85
Solok Codrington,residential,77.6,145,7,12,85
Jalan Tye Kee Yoon,residential,77.5,145,7,12,85
Lengkok Dumbar,residential,77.4,145,7,12,85
Medan Trengganu,residential,77.2,145,7,12,85
Jalan Tan Sri Teh Ewe Lim,secondary,76.9,406,21,35,238
Jalan Free School,tertiary,76.7,261,13,22,153
Jalan Ubin,residential,76.6,145,7,12,85
Lebuh Penang,residential,76.6,145,7,12,85
Prangin Road,tertiary,76.6,261,13,22,153
Jalan Hamilton,secondary,76.3,406,21,35,238
Jalan Penang,primary,76.3,522,27,45,306
Lorong Penawar 2,residential,76.3,145,7,12,85
Solok Air Rajah,residential,76.1,145,7,12,85
Lorong Aman,residential,76.0,145,7,12,85
Jalan Burma,secondary,75.9,406,21,35,238
Lebuh Carnarvon,secondary,75.6,406,21,35,238
Lebuh Carnarvon,secondary,75.6,406,21,35,238
Lebuh Lintang,tertiary,75.6,261,13,22,153
Medan Tembaga,residential,75.4,145,7,12,85
Jalan Patani,secondary,75.3,406,21,35,238
Lebuh Sandilands,tertiary,75.3,261,13,22,153
Jalan Tan Sri Teh Ewe Lim,secondary,75.2,406,21,35,238
Jalan Patani,secondary,75.1,406,21,35,238
Jalan Mas,residential,75.0,145,7,12,85
Lorong Penawar 1,residential,75.0,145,7,12,85
Jalan Sultan Ahmad Shah,secondary,74.8,406,21,35,238
Lebuh Queen,residential,74.8,145,7,12,85
Lebuhraya Tun Doktor Lim Chong Eu,trunk,74.8,638,33,55,374
Jalan Magazine,primary,74.5,522,27,45,306
Solok Ross,residential,74.5,145,7,12,85
Jalan Kelantan,residential,74.2,145,7,12,85
Jalan Penang,secondary,74.1,406,21,35,238
Lengkok Jesselton,residential,74.0,145,7,12,85
Jalan Masjid Kapitan Keling,secondary,73.9,406,21,35,238
Jalan Macalister,secondary,73.7,406,21,35,238
Jalan Philips,residential,73.7,145,7,12,85
Lebuhraya Tun Doktor Lim Chong Eu,trunk,73.7,638,33,55,374
Jalan Ayer Itam,primary,73.6,522,27,45,306
Jalan Masjid Kapitan Keling,residential,73.6,145,7,12,85
Jalan Sultan Ahmad Shah,secondary,73.4,406,21,35,238
Halaman Cantonment,residential,73.3,145,7,12,85
Solok Tengku,residential,73.2,145,7,12,85
Solok Brook,residential,73.1,145,7,12,85
Taman Glugor,residential,73.1,145,7,12,85
Pintasan Cecil 9,residential,73.0,145,7,12,85
Jalan Ahmad Nor,secondary,72.9,406,21,35,238
Halaman Macalister,residential,72.8,145,7,12,85
Jalan Kurau,residential,72.8,145,7,12,85
Tingkat Tembaga,residential,72.8,145,7,12,85
Jalan Perak,secondary,72.7,406,21,35,238
Lebuh McNair,tertiary,72.7,261,13,22,153
Jalan Sungai Pinang,secondary,72.4,406,21,35,238
Lebuh Nambyar,residential,72.2,145,7,12,85
Lilitan Stadium,unclassified,72.2,115,6,10,68
Solok Leandro's,residential,72.2,145,7,12,85
Jalan Masjid Negeri,trunk,72.1,638,33,55,374
Lilitan Stadium,unclassified,72.1,115,6,10,68
Taman Gottlieb,residential,72.1,145,7,12,85
Taman Jesselton,residential,72.0,145,7,12,85
Tingkat Nirvana,residential,72.0,145,7,12,85
Lebuh Carnarvon,unclassified,71.8,115,6,10,68
Lebuh Melaka,residential,71.8,145,7,12,85
Lebuh Sungai Pinang 1,tertiary,71.8,261,13,22,153
Solok Tavoy,residential,71.8,145,7,12,85
Pengkalan Weld,primary,71.6,522,27,45,306
Solok Tavoy,residential,71.6,145,7,12,85
Lebuh Sungai Pinang 2,unclassified,71.5,115,6,10,68
Lintang Batu,residential,71.4,145,7,12,85
Jalan Hamilton,secondary,71.0,406,21,35,238
Pengkalan Weld,primary,71.0,522,27,45,306
Lorong Pitt,residential,70.9,145,7,12,85
Solok Brook,residential,70.7,145,7,12,85
Taman Free School,residential,70.7,145,7,12,85
Jalan Gottlieb,primary,70.6,522,27,45,306
Lebuh Bishop,residential,70.6,145,7,12,85
Lebuhraya Batu Lanchang,tertiary,70.6,261,13,22,153
Jalan Macalister,secondary,70.5,406,21,35,238
Jalan Penang,secondary,70.5,406,21,35,238
Jalan Pinhorn,residential,70.5,145,7,12,85
Jalan Sepoy Lines,primary,70.5,522,27,45,306
Pengkalan Sungai Pinang,unclassified,70.4,115,6,10,68
Jalan Dato Keramat,primary,70.3,522,27,45,306
Jalan Tongkah,unclassified,70.2,115,6,10,68
Medan Tembaga,residential,70.2,145,7,12,85
Lengkok Barat,residential,70.1,145,7,12,85
Medan Tembaga,residential,70.1,145,7,12,85
Jalan Scotland,primary,70.0,522,27,45,306
Lengkok Dumbar,residential,70.0,145,7,12,85
Jalan Burma,secondary,69.9,406,21,35,238
Solok Larut,unclassified,69.9,115,6,10,68
Halaman Ariffin,residential,69.8,145,7,12,85
Jalan Masjid Negeri,trunk,69.7,638,33,55,374
Jalan Panchor,residential,69.7,145,7,12,85
Jalan Slim,residential,69.7,145,7,12,85
Lintang Macallum 2,unclassified,69.3,115,6,10,68
Jalan Magazine,primary,69.1,522,27,45,306
Jalan Larut,secondary,68.7,406,21,35,238
Jalan Kelawai,secondary,68.6,406,21,35,238
Jalan Perak,secondary,68.4,406,21,35,238
Jalan Tengku,residential,68.4,145,7,12,85
Lebuhraya Batu Lanchang,tertiary,68.4,261,13,22,153
Jalan Scotland,trunk,68.3,638,33,55,374
Jalan Macalister,secondary,68.2,406,21,35,238
Jalan Perak,secondary,68.2,406,21,35,238
Jalan Sungai Pinang,secondary,68.2,406,21,35,238
Jalan Dato Keramat,primary,67.9,522,27,45,306
Pengkalan Weld,primary,67.9,522,27,45,306
Jalan Sungai Pinang,secondary,67.8,406,21,35,238
Lintang Gangsa,residential,67.8,145,7,12,85
Lebuh Sungai Pinang,tertiary,67.7,261,13,22,153
Solok Kebun Nyior,residential,67.7,145,7,12,85
Taman Hijau 1,residential,67.7,145,7,12,85
Jalan Scotland,trunk,67.5,638,33,55,374
Jalan Kota Giam,residential,67.4,145,7,12,85
Taman Gottlieb,residential,67.4,145,7,12,85
Lebuh Tye Sin,unclassified,67.3,115,6,10,68
Solok Kelawai,residential,67.3,145,7,12,85
Jalan Macalister,secondary,67.2,406,21,35,238
Jalan Salween,residential,67.2,145,7,12,85
Lintang Mas,residential,67.2,145,7,12,85
Jalan Singapura,residential,67.1,145,7,12,85
Medan Lim Cheng Teik,residential,67.0,145,7,12,85
Jalan Khaw Sim Bee,residential,66.9,145,7,12,85
Jalan Chow Thye,residential,66.8,145,7,12,85
Jalan Perak,secondary,66.8,406,21,35,238
Halaman Melaka,residential,66.4,145,7,12,85
Jalan Masjid Negeri,trunk,66.4,638,33,55,374
Lebuhraya Besi,residential,66.4,145,7,12,85
Lintang Abdullah Ariff,residential,66.4,145,7,12,85
Jalan Sultan Ahmad Shah,secondary,66.3,406,21,35,238
Jalan Sultan Ahmad Shah,secondary,66.2,406,21,35,238
Lintang Besi,residential,66.2,145,7,12,85
Lebuhraya Tun Doktor Lim Chong Eu,trunk,66.1,638,33,55,374
Taman Jesselton,residential,66.1,145,7,12,85
Jalan Ayer Itam,primary,65.9,522,27,45,306
Lorong Perak,tertiary,65.9,261,13,22,153
Solok Birch,residential,65.9,145,7,12,85
Jalan Burma,secondary,65.7,406,21,35,238
Jalan Dato Keramat,primary,65.7,522,27,45,306
Jalan Ahmad Nor,secondary,65.6,406,21,35,238
Lorong Air Terjun,residential,65.4,145,7,12,85
Lengkok Barat,residential,65.3,145,7,12,85
Jalan Ahmad Nor,secondary,65.1,406,21,35,238
Lorong Argyll,residential,65.1,145,7,12,85
Lorong Bukit Dumbar,residential,64.9,145,7,12,85
Jalan Utama,primary,64.8,522,27,45,306
Lintang Delima 4,residential,64.8,145,7,12,85
Jalan Trengganu,secondary,64.7,406,21,35,238
Jalan Dato Keramat,primary,64.5,522,27,45,306
Lebuhraya Jelutong,residential,64.5,145,7,12,85
Lorong Air Terjun,residential,64.5,145,7,12,85
Jalan Ria,tertiary,64.4,261,13,22,153
Jalan D.S. Ramanathan,residential,64.3,145,7,12,85
Jalan Perak,secondary,64.2,406,21,35,238
Solok Tembaga 4,residential,64.0,145,7,12,85
Jalan Dungun,residential,63.9,145,7,12,85
Jalan Service,residential,63.9,145,7,12,85
Pintasan Cecil 9,residential,63.9,145,7,12,85
Lebuh Light,secondary,63.8,406,21,35,238
Jalan Brown,residential,63.7,145,7,12,85
Jalan Macalister,secondary,63.6,406,21,35,238
Cangkat Tembaga,residential,63.5,145,7,12,85
Lebuhraya Tun Doktor Lim Chong Eu,trunk,63.5,638,33,55,374
Medan Tembaga,residential,63.5,145,7,12,85
Lintang Sungai Pinang,residential,63.4,145,7,12,85
Lintang Sungai Pinang,residential,63.4,145,7,12,85
Jalan Sultan Ahmad Shah,secondary,63.2,406,21,35,238
Lebuh Light,secondary,63.2,406,21,35,238
Solok Bakau,residential,63.2,145,7,12,85
Jalan Ayer Itam,primary,63.1,522,27,45,306
Tingkat Tengku,residential,63.1,145,7,12,85
Lebuhraya Tun Doktor Lim Chong Eu,trunk,63.0,638,33,55,374
Lebuh Chulia,secondary,62.9,406,21,35,238
Jalan Cheah Choo Yew,residential,62.8,145,7,12,85
Jalan Masjid Kapitan Keling,secondary,62.8,406,21,35,238
Jalan Perak,secondary,62.8,406,21,35,238
Jalan Burma,secondary,62.7,406,21,35,238
Jalan Doktor Lim Chwee Leong,primary,62.5,522,27,45,306
Jalan Sepoy Lines,primary,62.3,522,27,45,306
Persiaran Kuari,unclassified,62.2,115,6,10,68
Lorong Soo Hong,residential,62.1,145,7,12,85
Jalan Ayer Itam,primary,62.0,522,27,45,306
Jalan C.Y. Choy,tertiary,62.0,261,13,22,153
Lengkok Dumbar,residential,62.0,145,7,12,85
Lintang Sungai Pinang,residential,61.9,145,7,12,85
Jalan Burma,secondary,61.8,406,21,35,238
Jalan Penawar,residential,61.8,145,7,12,85
Lebuh Lintang,tertiary,61.8,261,13,22,153
Jalan Bagan Jermal,primary,61.6,522,27,45,306
Kampung Jawa Lama,unclassified,61.6,115,6,10,68
Lintang Delima 8,residential,61.5,145,7,12,85
Lorong Delima 2,residential,61.5,145,7,12,85
Solok Codrington,residential,61.4,145,7,12,85
Jalan Penang,secondary,61.3,406,21,35,238
Jalan Ayer Itam,primary,61.2,522,27,45,306
Jalan Magazine,primary,61.2,522,27,45,306
Jalan Sungai Pinang,secondary,61.2,406,21,35,238
Taman Berjaya,residential,61.1,145,7,12,85
Lorong Perak,tertiary,61.0,261,13,22,153
Jalan Ho Tiang Wan,residential,60.8,145,7,12,85
Pintasan Makloom 1,residential,60.8,145,7,12,85
Solok Lunas,residential,60.8,145,7,12,85
Lebuh Sungai Pinang 2,unclassified,60.7,115,6,10,68
Jalan Burma,secondary,60.6,406,21,35,238
Lebuh Carnarvon,secondary,60.5,406,21,35,238
Jalan Dato Keramat,primary,60.4,522,27,45,306
Jalan Magazine,primary,60.2,522,27,45,306
Jalan Ooi Thiam Siew,residential,60.1,145,7,12,85
Jalan Perak,secondary,60.1,406,21,35,238
Jalan Ahmad Nor,secondary,60.0,406,21,35,238
Jalan Samak,residential,60.0,145,7,12,85
Jalan Ria,tertiary,59.9,261,13,22,153
Solok Batu Lanchang,residential,59.7,145,7,12,85
Jalan Gurdwara,primary,59.4,522,27,45,306
Jalan Yeoh Cheang Aun,residential,59.4,145,7,12,85
Jalan Perak,secondary,59.3,406,21,35,238
Lebuhraya Leandro's,residential,59.3,145,7,12,85
Jalan Pangkor,secondary,59.2,406,21,35,238
Kampung Kolam,secondary,59.2,406,21,35,238
Persiaran Stadium,unclassified,59.1,115,6,10,68
Solok Dunlop,residential,59.1,145,7,12,85
Jalan Perak,secondary,58.8,406,21,35,238
Jalan Sultan Ahmad Shah,secondary,58.8,406,21,35,238
Tingkat Bakau,residential,58.8,145,7,12,85
Lorong Singgora,residential,58.7,145,7,12,85
Lorong Batu Lanchang,primary,58.6,522,27,45,306
Lorong Bell,residential,58.6,145,7,12,85
Jalan Jelutong,primary,58.5,522,27,45,306
Lebuh Carnarvon,secondary,58.5,406,21,35,238
Jalan Penang,primary,58.3,522,27,45,306
Lebuh Leith,tertiary,58.3,261,13,22,153
Jalan Trengganu,secondary,58.2,406,21,35,238
Jalan Pangkor,secondary,58.0,406,21,35,238
Jalan Macalister,primary,57.9,522,27,45,306
Lorong Merican,residential,57.8,145,7,12,85
Pintasan Makloom 2,residential,57.7,145,7,12,85
Jalan Argyll,tertiary,57.5,261,13,22,153
Jalan Ayer Itam,primary,57.5,522,27,45,306
Pintasan Makloom 3,residential,57.5,145,7,12,85
Jalan Cantonment,secondary,57.4,406,21,35,238
Lebuh Chulia,secondary,57.4,406,21,35,238
Jalan A.S. Mansoor,residential,57.3,145,7,12,85
Jalan Jelutong,primary,57.3,522,27,45,306
Gat Lebuh Maccallum,unclassified,57.2,115,6,10,68
Jalan Jelutong,primary,57.1,522,27,45,306
Taman David Chen,residential,57.1,145,7,12,85
Jalan Sungai Pinang,secondary,56.9,406,21,35,238
Jalan Ayer Itam,primary,56.7,522,27,45,306
Lorong Perak,tertiary,56.7,261,13,22,153
Lebuh Lintang,tertiary,56.4,261,13,22,153
Solok Burma,residential,56.4,145,7,12,85
Lebuh Leith,tertiary,56.3,261,13,22,153
Lengkok Batu Lanchang,residential,56.3,145,7,12,85
Lengkok Jesselton,residential,56.3,145,7,12,85
Pengkalan Weld,primary,56.3,522,27,45,306
Jalan Free School,tertiary,56.2,261,13,22,153
Lebuhraya Codrington,tertiary,56.2,261,13,22,153
Jalan Gurdwara,primary,56.1,522,27,45,306
Jalan D.S. Ramanathan,residential,56.0,145,7,12,85
Jalan Masjid Negeri,trunk,56.0,638,33,55,374
Jalan Cheeseman,residential,55.9,145,7,12,85
Jalan Doktor Lim Chwee Leong,primary,55.9,522,27,45,306
Jalan Ahmad Nor,secondary,55.8,406,21,35,238
Medan York,residential,55.8,145,7,12,85
Lebuh Light,secondary,55.7,406,21,35,238
Lorong Brunei,residential,55.7,145,7,12,85
Lorong Dumbar,residential,55.7,145,7,12,85
Taman Gottlieb,residential,55.7,145,7,12,85
Jalan Macalister,secondary,55.6,406,21,35,238
Jalan Masjid Negeri,trunk,55.6,638,33,55,374
Jalan Ria,tertiary,55.6,261,13,22,153
Solok Goh Guan Ho Satu,residential,55.6,145,7,12,85
Jalan Pangkor,secondary,55.5,406,21,35,238
Lorong Penawar 1,residential,55.5,145,7,12,85
Jalan Hamilton,secondary,55.3,406,21,35,238
Jalan Jelutong,primary,55.3,522,27,45,306
Lintang Delima 9,residential,55.3,145,7,12,85
Persiaran Abdullah Ariff,residential,55.1,145,7,12,85
Jalan Ayer Itam,primary,55.0,522,27,45,306
Solok Vermont,residential,55.0,145,7,12,85
Jalan Kelantan,residential,54.9,145,7,12,85
Jalan Trengganu,secondary,54.9,406,21,35,238
Jalan Jelutong,primary,54.8,522,27,45,306
Solok Kebun Nyior,residential,54.8,145,7,12,85
Jalan Cheeseman,residential,54.7,145,7,12,85
Lorong Perak,tertiary,54.6,261,13,22,153
Jalan Pangkor,secondary,54.5,406,21,35,238
Jalan Perak,secondary,54.4,406,21,35,238
Solok Brook,residential,54.4,145,7,12,85
Taman Berjaya,residential,54.4,145,7,12,85
Jalan Bagan Jermal,primary,54.2,522,27,45,306
Bulatan Free School,secondary,54.1,406,21,35,238
Jalan Macalister,secondary,54.1,406,21,35,238
Lintang Lumba Kuda,residential,53.9,145,7,12,85
Lebuh Sandilands,tertiary,53.8,261,13,22,153
Lebuhraya Merdeka,residential,53.7,145,7,12,85
Solok Perak,residential,53.6,145,7,12,85
Lebuh Farquhar,secondary,53.5,406,21,35,238
Jalan Macalister,secondary,53.3,406,21,35,238
Jalan Sultan Ahmad Shah,secondary,53.3,406,21,35,238
Pesara Claimant,unclassified,53.3,115,6,10,68
Solok Concordia,residential,53.3,145,7,12,85
Taman Gottlieb,residential,53.3,145,7,12,85
Solok Western,residential,53.2,145,7,12,85
Jalan Macalister,secondary,53.1,406,21,35,238
Jalan Sultan Ahmad Shah,secondary,53.1,406,21,35,238
Pintasan Pengkalan Empat,residential,53.1,145,7,12,85
Jalan Macalister,secondary,53.0,406,21,35,238
Kampung Deli,residential,53.0,145,7,12,85
Lorong Thaton,residential,53.0,145,7,12,85
Jalan Larut,secondary,52.9,406,21,35,238
Jalan Lenggong,primary,52.9,522,27,45,306
Lebuhraya Tun Doktor Lim Chong Eu,trunk,52.9,638,33,55,374
Gerbang Batu Lancang,unclassified,52.6,115,6,10,68
Lengkok Lumba Kuda,residential,52.6,145,7,12,85
Lorong Batu Lanchang,primary,52.5,522,27,45,306
Lebuhraya Tun Doktor Lim Chong Eu,trunk,52.4,638,33,55,374
Jalan Macalister,secondary,52.1,406,21,35,238
Jalan Dato Keramat,primary,52.0,522,27,45,306
Jalan Jelutong,primary,52.0,522,27,45,306
Lorong Kulit,unclassified,52.0,115,6,10,68
Gerbang Bell,residential,51.9,145,7,12,85
Jalan Jelutong,primary,51.9,522,27,45,306
Jalan Jelutong,primary,51.6,522,27,45,306
Jalan Macalister,secondary,51.2,406,21,35,238
Lorong Perak,tertiary,51.1,261,13,22,153
Lorong Ceti,unclassified,51.0,115,6,10,68
Lebuh Muntri,residential,50.9,145,7,12,85
Lorong Perak,tertiary,50.8,261,13,22,153
Jalan Magazine,primary,50.7,522,27,45,306
Pengkalan Weld,primary,50.7,522,27,45,306
Taman Hijau 2,residential,50.6,145,7,12,85
Jalan Sungai Pinang,secondary,50.4,406,21,35,238
Pengkalan Weld,primary,50.4,522,27,45,306
Jalan Philips,residential,50.3,145,7,12,85
Lebuhraya Tun Doktor Lim Chong Eu,trunk,50.3,638,33,55,374
Jalan Macalister,secondary,50.2,406,21,35,238
Gat Lebuh Cecil,unclassified,50.1,115,6,10,68
Lengkok Jesselton,residential,50.1,145,7,12,85
Taman Hutchings,residential,50.0,145,7,12,85
Jalan Sungai Pinang,secondary,49.9,406,21,35,238
Lorong Air Terjun,residential,49.9,145,7,12,85
Jalan Brown,residential,49.8,145,7,12,85
Jalan Perak,secondary,49.7,406,21,35,238
Lengkok Nunn,residential,49.7,145,7,12,85
Jalan Pangkor,secondary,49.6,406,21,35,238
Jalan Burma,secondary,49.5,406,21,35,238
Jalan Perak,secondary,49.5,406,21,35,238
Jalan Masjid Kapitan Keling,secondary,49.3,406,21,35,238
Jalan Perak,secondary,49.1,406,21,35,238
Jalan Gurdwara,primary,49.0,522,27,45,306
Jalan Macalister,secondary,48.7,406,21,35,238
Solok Kebun Nyior,residential,48.7,145,7,12,85
Jalan Masjid Negeri,trunk,48.6,638,33,55,374
Jalan Ahmad Nor,secondary,48.5,406,21,35,238
Jalan Cantonment,secondary,48.5,406,21,35,238
Jalan Penang,secondary,48.5,406,21,35,238
Jalan Anson,secondary,48.3,406,21,35,238
Lebuh Chulia,secondary,48.3,406,21,35,238
Jalan Dato Keramat,primary,48.2,522,27,45,306
Lebuh Sungai Pinang 1,tertiary,48.1,261,13,22,153
Jalan Dato Keramat,primary,48.0,522,27,45,306
Jalan Ria,tertiary,48.0,261,13,22,153
Jalan Sungai Pinang,secondary,48.0,406,21,35,238
Jalan Gottlieb,primary,47.8,522,27,45,306
Jalan Gottlieb,primary,47.8,522,27,45,306
Jalan Perak,secondary,47.8,406,21,35,238
Kampung Kaka,secondary,47.8,406,21,35,238
Jalan Ahmad Nor,secondary,47.6,406,21,35,238
Jalan Jelutong,primary,47.6,522,27,45,306
Jalan Sultan Ahmad Shah,secondary,47.6,406,21,35,238
Pengkalan Weld,primary,47.5,522,27,45,306
Pintasan Pengkalan Tiga,residential,47.5,145,7,12,85
Lorong Delima 1,residential,47.4,145,7,12,85
Jalan Hijau 5,residential,47.2,145,7,12,85
Jalan Sungai Pinang,secondary,47.2,406,21,35,238
Lebuh Farquhar,secondary,47.1,406,21,35,238
Lebuhraya Codrington,tertiary,47.1,261,13,22,153
Jalan Jelutong,primary,47.0,522,27,45,306
Lebuh Tek Soon,unclassified,47.0,115,6,10,68
Lebuh Peking,unclassified,46.9,115,6,10,68
Jalan Patani,secondary,46.8,406,21,35,238
Jalan Sultan Ahmad Shah,secondary,46.8,406,21,35,238
Lebuhraya Peel,secondary,46.8,406,21,35,238
Jalan Sultan Ahmad Shah,secondary,46.4,406,21,35,238
Lorong Bertam,residential,46.2,145,7,12,85
Jalan Burma,secondary,46.0,406,21,35,238
Pengkalan Weld,primary,46.0,522,27,45,306
Persiaran Karpal Singh 1,tertiary,46.0,261,13,22,153
Lengkok Perak,residential,45.9,145,7,12,85
Lebuh Carnarvon,secondary,45.8,406,21,35,238
Lebuh Sungai Pinang 6,unclassified,45.8,115,6,10,68
Lorong Tembaga,residential,45.6,145,7,12,85
Jalan Cantonment,secondary,45.5,406,21,35,238
Jalan Raja Gopal,residential,45.5,145,7,12,85
Jalan Perak,secondary,45.4,406,21,35,238
Lebuh Carnarvon,secondary,45.3,406,21,35,238
Jalan Ayer Itam,primary,45.2,522,27,45,306
Jalan Van Praagh,secondary,45.2,406,21,35,238
Lebuh Leith,tertiary,45.2,261,13,22,153
Lebuh Pasar,residential,45.2,145,7,12,85
Jalan Bagan Serai,residential,45.1,145,7,12,85
Jalan Van Praagh,secondary,45.1,406,21,35,238
Lintang Slim 3,residential,45.1,145,7,12,85
Lebuh Farquhar,secondary,44.9,406,21,35,238
Jalan Ayer Itam,primary,44.8,522,27,45,306
Jalan Sungai Pinang,secondary,44.8,406,21,35,238
Jalan Gurdwara,primary,44.4,522,27,45,306
Jalan Pangkor,secondary,44.3,406,21,35,238
Jalan Burma,secondary,44.2,406,21,35,238
Jalan Singapura,residential,44.2,145,7,12,85
Jalan Sungai Pinang,secondary,44.2,406,21,35,238
Jalan Berek,unclassified,44.1,115,6,10,68
Jalan Burma,secondary,44.1,406,21,35,238
Lebuh Sandilands,tertiary,44.0,261,13,22,153
Jalan Ayer Itam,primary,43.8,522,27,45,306
Jalan Jelutong,primary,43.6,522,27,45,306
Lintang Abdullah Ariff,residential,43.6,145,7,12,85
Lorong Baru,residential,43.6,145,7,12,85
Jalan Lenggong,primary,43.3,522,27,45,306
Lebuh Tek Soon,unclassified,43.3,115,6,10,68
Lebuhraya Tun Doktor Lim Chong Eu,trunk,43.1,638,33,55,374
Jalan Sepoy Lines,primary,42.9,522,27,45,306
Jalan Singapura,residential,42.9,145,7,12,85
Lebuhraya Tun Doktor Lim Chong Eu,trunk,42.9,638,33,55,374
Lebuhraya Tun Doktor Lim Chong Eu,trunk,42.8,638,33,55,374
Jalan Macalister,secondary,42.7,406,21,35,238
Jalan Van Praagh,secondary,42.7,406,21,35,238
Lebuh Carnarvon,secondary,42.7,406,21,35,238
Lebuhraya Tun Doktor Lim Chong Eu,trunk,42.6,638,33,55,374
Jalan Residensi,secondary,42.5,406,21,35,238
Kampung Kolam,secondary,42.4,406,21,35,238
Jalan Kajang,residential,42.3,145,7,12,85
Jalan Tan Sri Teh Ewe Lim,secondary,42.3,406,21,35,238
Jalan Kek Chuan,residential,42.2,145,7,12,85
Lebuh Farquhar,secondary,42.1,406,21,35,238
Jalan Ayer Itam,primary,42.0,522,27,45,306
Jalan Macalister,secondary,42.0,406,21,35,238
Jalan Ria,tertiary,42.0,261,13,22,153
Lengkok Dumbar,residential,42.0,145,7,12,85
Jalan Penang,primary,41.9,522,27,45,306
Jalan Yeoh Guan Seok,tertiary,41.9,261,13,22,153
Jalan Gottlieb,primary,41.8,522,27,45,306
Jalan Ayer Itam,primary,41.7,522,27,45,306
Kampung Jawa Baru,tertiary,41.6,261,13,22,153
Lebuh Farquhar,secondary,41.6,406,21,35,238
Lebuh Sungai Pinang,tertiary,41.6,261,13,22,153
Lorong Batu Lanchang,primary,41.6,522,27,45,306
Lorong Edgecumbe,residential,41.6,145,7,12,85
Jalan Macalister,secondary,41.5,406,21,35,238
Lintang Delima 5,residential,41.4,145,7,12,85
Jalan Trengganu,secondary,41.3,406,21,35,238
Jalan Gottlieb,primary,41.1,522,27,45,306
Lintang Slim,residential,41.1,145,7,12,85
Jalan Grove,residential,41.0,145,7,12,85
Lebuh Sandilands,tertiary,40.8,261,13,22,153
Lorong Birch,residential,40.8,145,7,12,85
Cangkat Dumbar,residential,40.6,145,7,12,85
Jalan Brown,residential,40.6,145,7,12,85
Jalan Hamilton,secondary,40.6,406,21,35,238
Jalan Ahmad Nor,secondary,40.5,406,21,35,238
Jalan Macalister,secondary,40.5,406,21,35,238
Jalan Shaik Eusoff,residential,40.4,145,7,12,85
Pengkalan Weld,primary,40.4,522,27,45,306
Lintang Lumba Kuda,residential,40.3,145,7,12,85
Jalan Penawar 4,residential,40.2,145,7,12,85
Jalan Ahmad Nor,secondary,40.1,406,21,35,238
Jalan Ahmad Nor,secondary,40.1,406,21,35,238
Jalan Shaik Madar,residential,40.0,145,7,12,85
Lorong Birch,residential,40.0,145,7,12,85
Gat Lebuh Maccallum,unclassified,39.8,115,6,10,68
Jalan Utama,primary,39.8,522,27,45,306
Lebuh Leith,tertiary,39.8,261,13,22,153
Jalan Magazine,primary,39.7,522,27,45,306
Taman Besi,residential,39.7,145,7,12,85
Jalan S.P. Chelliah,tertiary,39.6,261,13,22,153
Lebuh Chulia,secondary,39.6,406,21,35,238
Medan Tembaga,residential,39.6,145,7,12,85
Pintasan Pengkalan Dua,residential,39.6,145,7,12,85
Jalan Penawar 3,residential,39.5,145,7,12,85
Jalan Sultan Ahmad Shah,secondary,39.5,406,21,35,238
Jalan Burma,secondary,39.2,406,21,35,238
Jalan Grove,residential,39.2,145,7,12,85
Jalan Jelutong,primary,39.2,522,27,45,306
Jalan Scotland,trunk,39.0,638,33,55,374
Lebuh Tek Soon,unclassified,39.0,115,6,10,68
Lebuhraya Thean Tek,primary,39.0,522,27,45,306
Jalan Sultan Ahmad Shah,secondary,38.9,406,21,35,238
Lebuhraya Tun Doktor Lim Chong Eu,trunk,38.9,638,33,55,374
Jalan Hamilton,secondary,38.8,406,21,35,238
Jalan Perak,secondary,38.8,406,21,35,238
Jalan Thean Tek,primary,38.8,522,27,45,306
Jalan C.Y. Choy,tertiary,38.7,261,13,22,153
Medan Goh Guan Ho,residential,38.7,145,7,12,85
Jalan Ahmad Nor,secondary,38.4,406,21,35,238
Jalan Transfer,secondary,38.4,406,21,35,238
Jalan Van Praagh,secondary,38.3,406,21,35,238
Gat Lebuh Maccallum,unclassified,38.2,115,6,10,68
Jalan Kota Giam,residential,38.2,145,7,12,85
Jalan Ayer Itam,primary,38.1,522,27,45,306
Lebuh Sungai Pinang,tertiary,38.1,261,13,22,153
Jalan Burma,secondary,38.0,406,21,35,238
Jalan Sungai,tertiary,37.9,261,13,22,153
Jalan Tunku Abdul Rahman,residential,37.9,145,7,12,85
Lebuhraya Glugor,tertiary,37.9,261,13,22,153
Jalan Patani,secondary,37.8,406,21,35,238
Lorong Bukit Dumbar,residential,37.8,145,7,12,85
Jalan Westland,residential,37.7,145,7,12,85
Jalan Utama,primary,37.6,522,27,45,306
Jalan Macalister,secondary,37.5,406,21,35,238
Medan Tembaga,residential,37.5,145,7,12,85
Jalan Hamilton,secondary,37.4,406,21,35,238
Lorong Swatow,unclassified,37.4,115,6,10,68
Jalan Jelutong,primary,37.3,522,27,45,306
Jalan Van Praagh,secondary,37.3,406,21,35,238
Lebuhraya Tun Doktor Lim Chong Eu,trunk,37.2,638,33,55,374
Pengkalan Weld,primary,37.2,522,27,45,306
Solok Free School,residential,37.2,145,7,12,85
Jalan Macalister,secondary,37.1,406,21,35,238
Jalan Ayer Itam,primary,37.0,522,27,45,306
Lebuh Armenian,residential,36.9,145,7,12,85
Halaman Seh Tan,residential,36.8,145,7,12,85
Jalan Hijau 5,residential,36.7,145,7,12,85
Lebuh Tye Sin,unclassified,36.6,115,6,10,68
Jalan Macalister,secondary,36.5,406,21,35,238
Lebuh McNair,tertiary,36.5,261,13,22,153
Jalan Cheeseman,residential,36.4,145,7,12,85
Lorong Air Terjun,residential,36.3,145,7,12,85
Jalan Tan Sri Teh Ewe Lim,secondary,36.2,406,21,35,238
Jalan Hamilton,secondary,36.1,406,21,35,238
Jalan Macalister,secondary,36.1,406,21,35,238
Jalan Tan Sri Teh Ewe Lim,secondary,36.1,406,21,35,238
Jalan Tan Sri Teh Ewe Lim,secondary,36.1,406,21,35,238
Medan Tembaga,residential,36.1,145,7,12,85
Persiaran Karpal Singh 1,tertiary,36.1,261,13,22,153
Jalan Anson,secondary,36.0,406,21,35,238
Lilitan Stadium,unclassified,35.9,115,6,10,68
Jalan Sultan Ahmad Shah,secondary,35.8,406,21,35,238
Lorong Toh Aka,residential,35.8,145,7,12,85
Jalan Scotland,primary,35.7,522,27,45,306
Jalan Sungai Pinang,secondary,35.7,406,21,35,238
Jalan Bakau,unclassified,35.6,115,6,10,68
Lorong Dumbar,residential,35.6,145,7,12,85
Jalan Masjid Negeri,trunk,35.5,638,33,55,374
Jalan Anson,secondary,35.4,406,21,35,238
Jalan Anson,secondary,35.3,406,21,35,238
Jalan Ayer Itam,primary,35.3,522,27,45,306
Solok Tavoy,residential,35.3,145,7,12,85
Lebuhraya Tun Doktor Lim Chong Eu,trunk,35.2,638,33,55,374
Solok Scotland,residential,35.1,145,7,12,85
Jalan P. Ramlee,tertiary,35.0,261,13,22,153
Jalan Siam,residential,34.8,145,7,12,85
Jalan Transfer,secondary,34.8,406,21,35,238
Halaman Bakau,unclassified,34.7,115,6,10,68
Jalan York,tertiary,34.7,261,13,22,153
Jalan Ayer Itam,primary,34.6,522,27,45,306
Jalan Burma,secondary,34.5,406,21,35,238
Jalan Grove,residential,34.5,145,7,12,85
Jalan Kebun Bunga,tertiary,34.5,261,13,22,153
Jalan Macalister,primary,34.5,522,27,45,306
Lebuh Light,secondary,34.5,406,21,35,238
Jalan Free School,tertiary,34.3,261,13,22,153
Jalan Phee Choon,unclassified,34.3,115,6,10,68
Lebuh Sungai Pinang,tertiary,34.3,261,13,22,153
Jalan Mount Erskine,secondary,34.2,406,21,35,238
Lebuhraya Tun Doktor Lim Chong Eu,trunk,34.2,638,33,55,374
Jalan Free School,tertiary,34.1,261,13,22,153
Jalan Batu Gantung,unclassified,34.0,115,6,10,68
Jalan Besi,tertiary,34.0,261,13,22,153
Jalan Scotland,primary,34.0,522,27,45,306
Lebuh Light,secondary,34.0,406,21,35,238
Taman Gottlieb,residential,34.0,145,7,12,85
Jalan Mount Erskine,secondary,33.9,406,21,35,238
Lebuhraya Tun Doktor Lim Chong Eu,trunk,33.9,638,33,55,374
Lintang Madrasah,residential,33.9,145,7,12,85
Jalan C.Y. Choy,tertiary,33.8,261,13,22,153
Lebuh Ah Quee,residential,33.8,145,7,12,85
Lebuh Queen,residential,33.8,145,7,12,85
Persiaran Karpal Singh 1,tertiary,33.8,261,13,22,153
Gat Jalan Magazine,primary,33.7,522,27,45,306
Halaman Hargreaves,residential,33.7,145,7,12,85
Jalan Pangkor,secondary,33.7,406,21,35,238
Taman Besi,residential,33.7,145,7,12,85
Gat Lebuh Melayu,residential,33.6,145,7,12,85
Jalan Doktor Lim Chwee Leong,primary,33.6,522,27,45,306
Jalan Logan,residential,33.6,145,7,12,85
Jalan Macalister,secondary,33.6,406,21,35,238
Jalan Tan Sri Teh Ewe Lim,secondary,33.6,406,21,35,238
Lengkok Jesselton,residential,33.6,145,7,12,85
Jalan Ayer Itam,primary,33.5,522,27,45,306
Gat Lebuh Chulia,secondary,33.4,406,21,35,238
Jalan Brown,residential,33.4,145,7,12,85
Jalan Trengganu,secondary,33.3,406,21,35,238
Lebuh Cecil,unclassified,33.3,115,6,10,68
Lebuhraya Besi,residential,33.3,145,7,12,85
Jalan Ayer Itam,primary,33.2,522,27,45,306
Lebuh Ah Quee,residential,33.2,145,7,12,85
Jalan Macalister,secondary,33.1,406,21,35,238
Jalan Perak,secondary,33.1,406,21,35,238
Lorong Perak,tertiary,33.1,261,13,22,153
Jalan Gottlieb,primary,33.0,522,27,45,306
Jalan Yeoh Guan Seok,tertiary,33.0,261,13,22,153
Lorong Perak,tertiary,33.0,261,13,22,153
Pengkalan Weld,primary,33.0,522,27,45,306
Lebuh Chulia,secondary,32.9,406,21,35,238
Persiaran Karpal Singh 2,tertiary,32.9,261,13,22,153
Lebuhraya Peel,secondary,32.8,406,21,35,238
Taman Gottlieb,residential,32.8,145,7,12,85
Jalan Dato Keramat,primary,32.7,522,27,45,306
Jalan Masjid Negeri,trunk,32.7,638,33,55,374
Halaman Burma,residential,32.6,145,7,12,85
Jalan Bakau,unclassified,32.6,115,6,10,68
Jalan Penang,secondary,32.6,406,21,35,238
Jalan Sungai,tertiary,32.6,261,13,22,153
Jalan Hamilton,secondary,32.5,406,21,35,238
Jalan Jelutong,primary,32.5,522,27,45,306
Jalan Masjid Negeri,trunk,32.5,638,33,55,374
Jalan Dato Keramat,primary,32.4,522,27,45,306
Jalan Penang,secondary,32.4,406,21,35,238
Jalan Gottlieb,primary,32.3,522,27,45,306
Jalan Patani,secondary,32.3,406,21,35,238
Jalan Batu Gantung,unclassified,32.2,115,6,10,68
Taman Gottlieb,residential,32.2,145,7,12,85
Jalan Dato Keramat,primary,32.1,522,27,45,306
Jalan Jelutong,primary,31.9,522,27,45,306
Jalan Masjid Negeri,trunk,31.9,638,33,55,374
Jalan Van Praagh,secondary,31.9,406,21,35,238
Lebuh Carnarvon,secondary,31.9,406,21,35,238
Bulatan Free School,secondary,31.8,406,21,35,238
Jalan Sultan Ahmad Shah,secondary,31.8,406,21,35,238
Lebuhraya Tun Doktor Lim Chong Eu,trunk,31.8,638,33,55,374
Jalan Free School,tertiary,31.7,261,13,22,153
Jalan Patani,secondary,31.7,406,21,35,238
Lebuh Sungai Pinang,tertiary,31.7,261,13,22,153
Lebuhraya Mas,residential,31.7,145,7,12,85
Jalan Ayer Itam,primary,31.6,522,27,45,306
Jalan Taman Greenview 1,residential,31.6,145,7,12,85
Jalan Perak,primary,31.5,522,27,45,306
Jalan Sungai Pinang,secondary,31.5,406,21,35,238
Persiaran Kuari,unclassified,31.5,115,6,10,68
Jalan Sungai Pinang,secondary,31.4,406,21,35,238
Gat Lebuh Maccallum,tertiary,31.3,261,13,22,153
Jalan Free School,tertiary,31.3,261,13,22,153
Jalan Sri Bahari,unclassified,31.3,115,6,10,68
Jalan Grove,residential,31.2,145,7,12,85
Jalan Sungai Pinang,secondary,31.2,406,21,35,238
Gat Lebuh Maccallum,tertiary,31.0,261,13,22,153
Jalan Cantonment,secondary,31.0,406,21,35,238
Jalan Perak,secondary,31.0,406,21,35,238
Jalan Utama,primary,30.9,522,27,45,306
Lebuh Ah Quee,residential,30.9,145,7,12,85
Jalan Ayer Itam,primary,30.8,522,27,45,306
Jalan Macalister,secondary,30.8,406,21,35,238
Jalan Perak,secondary,30.8,406,21,35,238
Solok Concordia,residential,30.8,145,7,12,85
Jalan Ahmad Nor,secondary,30.6,406,21,35,238
Jalan Ayer Itam,primary,30.6,522,27,45,306
Jalan Cantonment,secondary,30.6,406,21,35,238
Lorong Batu Lanchang,primary,30.6,522,27,45,306
Lengkok Dumbar,residential,30.5,145,7,12,85
Pengkalan Weld,primary,30.5,522,27,45,306
Jalan Ayer Itam,primary,30.4,522,27,45,306
Lebuh Tek Soon,unclassified,30.4,115,6,10,68
Lebuhraya Mas,residential,30.4,145,7,12,85
Jalan Brook,residential,30.2,145,7,12,85
Jalan Kennedy,residential,30.2,145,7,12,85
Jalan Macalister,secondary,30.2,406,21,35,238
Jalan York,tertiary,30.2,261,13,22,153
Lebuh Muntri,residential,30.1,145,7,12,85
Lebuhraya Tun Doktor Lim Chong Eu,trunk,30.1,638,33,55,374
Jalan Berjaya,residential,30.0,145,7,12,85
Jalan Perusahaan Jelutong,tertiary,30.0,261,13,22,153
Lintang Sungai Pinang,residential,30.0,145,7,12,85
Jalan Perak,secondary,29.9,406,21,35,238
Lintang Slim 2,residential,29.9,145,7,12,85
Lintang Sungai Pinang,residential,29.9,145,7,12,85
Jalan Burma,secondary,29.8,406,21,35,238
Jalan Utama,primary,29.8,522,27,45,306
Lebuhraya Tun Doktor Lim Chong Eu,trunk,29.8,638,33,55,374
Jalan Ayer Itam,primary,29.7,522,27,45,306
Jalan Masjid Negeri,trunk,29.7,638,33,55,374
Lengkok Barat,residential,29.7,145,7,12,85
Jalan Berek,unclassified,29.6,115,6,10,68
Jalan Dato Keramat,primary,29.6,522,27,45,306
Lebuh Sungai Pinang,tertiary,29.6,261,13,22,153
Halaman Hargreaves,residential,29.5,145,7,12,85
Jalan Doktor Lim Chwee Leong,primary,29.5,522,27,45,306
Jalan Sungai,tertiary,29.4,261,13,22,153
Gat Lebuh Melayu,residential,29.3,145,7,12,85
Jalan Sultan Ahmad Shah,secondary,29.3,406,21,35,238
Jalan Ayer Itam,primary,29.2,522,27,45,306
Jalan Cantonment,secondary,29.2,406,21,35,238
Jalan Doktor Lim Chwee Leong,tertiary,29.2,261,13,22,153
Jalan Burma,secondary,29.1,406,21,35,238
Gat Lebuh Chulia,secondary,29.0,406,21,35,238
Jalan Ayer Itam,primary,29.0,522,27,45,306
Jalan Macalister,primary,29.0,522,27,45,306
Jalan Zainal Abidin,residential,29.0,145,7,12,85
Lebuh Leith,tertiary,29.0,261,13,22,153
Lebuh Sungai Pinang,tertiary,28.9,261,13,22,153
Jalan Sungai Pinang,secondary,28.8,406,21,35,238
Lebuh Sungai Pinang,tertiary,28.8,261,13,22,153
Lebuhraya Tun Doktor Lim Chong Eu,trunk,28.8,638,33,55,374
Lintang Pasar,residential,28.8,145,7,12,85
Solok Bakau,residential,28.8,145,7,12,85
Jalan Berjaya,residential,28.7,145,7,12,85
Jalan Masjid Negeri,trunk,28.7,638,33,55,374
Lebuhraya Batu Lanchang,tertiary,28.7,261,13,22,153
Lorong Kaya,residential,28.7,145,7,12,85
Jalan Perak,primary,28.6,522,27,45,306
Lorong Madrasah,residential,28.6,145,7,12,85
Pengkalan Weld,primary,28.6,522,27,45,306
Gat Lebuh Chulia,secondary,28.5,406,21,35,238
Jalan Burma,secondary,28.5,406,21,35,238
Lebuhraya Tun Doktor Lim Chong Eu,trunk,28.5,638,33,55,374
Lintang Sungai Pinang,residential,28.5,145,7,12,85
Persiaran Karpal Singh 2,tertiary,28.5,261,13,22,153
Jalan Macalister,secondary,28.4,406,21,35,238
Lebuh Macallum,tertiary,28.4,261,13,22,153
Jalan Batu Gantung,unclassified,28.3,115,6,10,68
Jalan Grove,residential,28.3,145,7,12,85
Jalan Ayer Itam,primary,28.2,522,27,45,306
Jalan Sultan Ahmad Shah,secondary,28.2,406,21,35,238
Lebuh Carnarvon,secondary,28.2,406,21,35,238
Lorong Stewart,residential,28.1,145,7,12,85
Lebuh Macallum,tertiary,28.0,261,13,22,153
Jalan Brook,residential,27.9,145,7,12,85
Jalan Jelutong,primary,27.9,522,27,45,306
Jalan Lim Khoon Huat,residential,27.9,145,7,12,85
Jalan Pangkor,secondary,27.9,406,21,35,238
Jalan Sultan Ahmad Shah,secondary,27.9,406,21,35,238
Halaman Seh Tan,residential,27.8,145,7,12,85
Jalan Ayer Itam,primary,27.8,522,27,45,306
Jalan Sungai Pinang,secondary,27.8,406,21,35,238
Kampung Kolam,secondary,27.8,406,21,35,238
Jalan Sultan Ahmad Shah,secondary,27.7,406,21,35,238
Jalan Burma,secondary,27.6,406,21,35,238
Lebuh Sungai Pinang,tertiary,27.6,261,13,22,153
Jalan Penang,primary,27.5,522,27,45,306
Jalan Sungai Pinang,secondary,27.5,406,21,35,238
Lebuhraya Thean Tek,primary,27.5,522,27,45,306
Jalan Besi,tertiary,27.4,261,13,22,153
Jalan Logan,residential,27.4,145,7,12,85
Jalan Logan,unclassified,27.4,115,6,10,68
Jalan Patani,secondary,27.4,406,21,35,238
Jalan Batu Gantung,unclassified,27.3,115,6,10,68
Jalan Kelawai,secondary,27.3,406,21,35,238
Persiaran Jesselton Selatan,residential,27.3,145,7,12,85
Jalan Hamilton,primary,27.2,522,27,45,306
Jalan Macalister,secondary,27.1,406,21,35,238
Jalan Masjid Kapitan Keling,secondary,27.1,406,21,35,238
Jalan Perak,secondary,27.1,406,21,35,238
Jalan Tan Sri Teh Ewe Lim,secondary,27.1,406,21,35,238
Jalan Transfer,secondary,27.1,406,21,35,238
Jalan Macalister,secondary,27.0,406,21,35,238
Jalan Sultan Ahmad Shah,secondary,27.0,406,21,35,238
Jalan Hamilton,secondary,26.9,406,21,35,238
Jalan Perak,secondary,26.9,406,21,35,238
Jalan S.P. Chelliah,tertiary,26.9,261,13,22,153
Jalan Tunku Abdul Rahman,residential,26.9,145,7,12,85
Jalan Utama,primary,26.9,522,27,45,306
Jalan Sultan Ahmad Shah,secondary,26.7,406,21,35,238
Jalan Tengku,residential,26.7,145,7,12,85
Jalan Besi,tertiary,26.6,261,13,22,153
Jalan Jelutong,primary,26.6,522,27,45,306
Jalan Mount Erskine,secondary,26.6,406,21,35,238
Lebuhraya Tun Doktor Lim Chong Eu,trunk,26.6,638,33,55,374
Lorong Bukit Dumbar,residential,26.6,145,7,12,85
Jalan Perak,secondary,26.5,406,21,35,238
Jalan Ria,tertiary,26.5,261,13,22,153
Lengkok Dumbar,residential,26.5,145,7,12,85
Lintang Slim 1,residential,26.5,145,7,12,85
Jalan Macalister,secondary,26.3,406,21,35,238
Jalan Penawar,residential,26.3,145,7,12,85
Jalan Perusahaan Jelutong,tertiary,26.3,261,13,22,153
Jalan Sultan Ahmad Shah,secondary,26.3,406,21,35,238
Taman Perak,residential,26.3,145,7,12,85
Jalan Westlands,residential,26.2,145,7,12,85
Kampung Kaka,secondary,26.2,406,21,35,238
Jalan Ayer Itam,primary,26.0,522,27,45,306
Jalan Doktor Lim Chwee Leong,primary,26.0,522,27,45,306
Jalan Perak,secondary,26.0,406,21,35,238
Jalan Besi,tertiary,25.9,261,13,22,153
Jalan Logan,unclassified,25.9,115,6,10,68
Jalan Perak,secondary,25.9,406,21,35,238
Jalan Ria,tertiary,25.8,261,13,22,153
Jalan Sultan Ahmad Shah,secondary,25.8,406,21,35,238
Jalan Tan Sri Teh Ewe Lim,secondary,25.8,406,21,35,238
Lintang Hajjah Remah,residential,25.8,145,7,12,85
Gat Lebuh Noordin,unclassified,25.7,115,6,10,68
Jalan Macalister,secondary,25.7,406,21,35,238
Taman David Chen,residential,25.7,145,7,12,85
Jalan Ayer Itam,primary,25.6,522,27,45,306
Jalan Burma,secondary,25.6,406,21,35,238
Jalan Gottlieb,primary,25.5,522,27,45,306
Jalan Sungai Pinang,secondary,25.4,406,21,35,238
Lilitan Stadium,unclassified,25.4,115,6,10,68
Persiaran Abdullah Ariff,residential,25.4,145,7,12,85
Jalan Sungai Pinang,secondary,25.3,406,21,35,238
Lengkok Jesselton,residential,25.1,145,7,12,85
Jalan Sri Bahari,unclassified,25.0,115,6,10,68
Pengkalan Weld,primary,24.9,522,27,45,306
Jalan Gottlieb,primary,24.8,522,27,45,306
Jalan Sultan Ahmad Shah,secondary,24.8,406,21,35,238
Lebuh Sungai Pinang 1,tertiary,24.7,261,13,22,153
Jalan C.Y. Choy,tertiary,24.6,261,13,22,153
Jalan S. A. Abdullah Bukhari,unclassified,24.6,115,6,10,68
Lengkok Perak,residential,24.6,145,7,12,85
Jalan Patani,secondary,24.5,406,21,35,238
Jalan Penang,secondary,24.5,406,21,35,238
Lebuh Carnarvon,secondary,24.5,406,21,35,238
Jalan Masjid Negeri,trunk,24.4,638,33,55,374
Jalan Sungai Pinang,secondary,24.4,406,21,35,238
Lebuh Acheh,residential,24.3,145,7,12,85
Lebuh Lintang,tertiary,24.3,261,13,22,153
Jalan Utama,tertiary,24.2,261,13,22,153
Lebuhraya Tun Doktor Lim Chong Eu,trunk,24.1,638,33,55,374
Jalan Bukom,residential,24.0,145,7,12,85
Jalan Gottlieb,primary,24.0,522,27,45,306
Jalan Lim Khoon Huat,residential,24.0,145,7,12,85
Jalan Mas,residential,24.0,145,7,12,85
Jalan Trang,unclassified,24.0,115,6,10,68
Persiaran Kuari,unclassified,24.0,115,6,10,68
Jalan Gottlieb,primary,23.9,522,27,45,306
Solok Larut,unclassified,23.9,115,6,10,68
Jalan Ayer Itam,primary,23.8,522,27,45,306
Lintang Burma,residential,23.7,145,7,12,85
Halaman Burma,residential,23.6,145,7,12,85
Jalan Peirce,residential,23.6,145,7,12,85
Jalan Sekolah La Salle,residential,23.6,145,7,12,85
Lebuh Sungai Pinang 1,tertiary,23.6,261,13,22,153
Jalan Masjid Negeri,trunk,23.5,638,33,55,374
Lebuh Carnarvon,secondary,23.5,406,21,35,238
Jalan S. A. Abdullah Bukhari,unclassified,23.4,115,6,10,68
Kampung Jawa Lama,unclassified,23.4,115,6,10,68
Jalan Gottlieb,primary,23.3,522,27,45,306
Jalan Jelutong,primary,23.3,522,27,45,306
Jalan Penang,secondary,23.3,406,21,35,238
Jalan Besi,tertiary,23.2,261,13,22,153
Jalan Gurdwara,primary,23.2,522,27,45,306
Jalan Macalister,secondary,23.2,406,21,35,238
Gat Lebuh Acheh,residential,23.1,145,7,12,85
Jalan C.Y. Choy,tertiary,23.0,261,13,22,153
Jalan Nunn,residential,23.0,145,7,12,85
Jalan Perak,secondary,23.0,406,21,35,238
Taman Lumba Kuda,residential,23.0,145,7,12,85
Jalan Macalister,secondary,22.8,406,21,35,238
Jalan Utama,primary,22.8,522,27,45,306
Jalan Burma,secondary,22.7,406,21,35,238
Jalan C.Y. Choy,tertiary,22.7,261,13,22,153
Jalan C.Y. Choy,tertiary,22.7,261,13,22,153
Jalan Tan Sri Teh Ewe Lim,secondary,22.7,406,21,35,238
Jalan Utama,primary,22.7,522,27,45,306
Lintang Sungai Pinang,residential,22.7,145,7,12,85
Jalan Free School,tertiary,22.6,261,13,22,153
Jalan Perak,secondary,22.6,406,21,35,238
Jalan Raja Gopal,residential,22.6,145,7,12,85
Prangin Road,tertiary,22.5,261,13,22,153
Jalan Macalister,secondary,22.4,406,21,35,238
Lebuh Acheh,residential,22.4,145,7,12,85
Lorong Perak,tertiary,22.3,261,13,22,153
Persiaran Perak,residential,22.3,145,7,12,85
Jalan Mas,residential,22.2,145,7,12,85
Jalan Masjid Kapitan Keling,secondary,22.2,406,21,35,238
Jalan Penang,secondary,22.2,406,21,35,238
Jalan Zainal Abidin,residential,22.2,145,7,12,85
Gat Lebuh Cecil,unclassified,22.1,115,6,10,68
Jalan Doktor Lim Chwee Leong,primary,22.1,522,27,45,306
Jalan Free School,tertiary,22.0,261,13,22,153
Lebuhraya Tun Doktor Lim Chong Eu,trunk,22.0,638,33,55,374
Persiaran Karpal Singh 2,tertiary,22.0,261,13,22,153
Jalan Doktor Lim Chwee Leong,primary,21.9,522,27,45,306
Jalan Masjid Kapitan Keling,secondary,21.9,406,21,35,238
Jalan Ria,tertiary,21.9,261,13,22,153
Jalan Ayer Itam,primary,21.8,522,27,45,306
Jalan Cantonment,secondary,21.8,406,21,35,238
Jalan Sultan Ahmad Shah,secondary,21.8,406,21,35,238
Jalan Jelutong,primary,21.7,522,27,45,306
Jalan Siam,residential,21.7,145,7,12,85
Lintang Hajjah Remah,residential,21.7,145,7,12,85
Gat Jalan Prangin,primary,21.6,522,27,45,306
Jalan Burma,secondary,21.6,406,21,35,238
Jalan Masjid Negeri,trunk,21.6,638,33,55,374
Lebuh Leith,tertiary,21.6,261,13,22,153
Jalan Gurdwara,primary,21.5,522,27,45,306
Jalan Masjid Kapitan Keling,secondary,21.5,406,21,35,238
Jalan Sir Ibrahim,residential,21.5,145,7,12,85
Solok Thean Teik,residential,21.5,145,7,12,85
Jalan Burma,secondary,21.4,406,21,35,238
Lintang Sungai Pinang,residential,21.4,145,7,12,85
Jalan Brook,residential,21.1,145,7,12,85
Jalan Gurdwara,primary,21.1,522,27,45,306
Solok Scotland,residential,21.1,145,7,12,85
Lebuh Armenian,residential,21.0,145,7,12,85
Halaman Bakau,unclassified,20.9,115,6,10,68
Jalan Macalister,secondary,20.9,406,21,35,238
Jalan C.Y. Choy,tertiary,20.8,261,13,22,153
Jalan Hamilton,secondary,20.8,406,21,35,238
Jalan Besi,tertiary,20.7,261,13,22,153
Jalan Cantonment,secondary,20.7,406,21,35,238
Jalan Sri Bahari,unclassified,20.7,115,6,10,68
Jalan Trengganu,secondary,20.7,406,21,35,238
Jalan P. Ramlee,tertiary,20.6,261,13,22,153
Jalan Perak,primary,20.6,522,27,45,306
Lebuh Sungai Pinang,tertiary,20.6,261,13,22,153
Gat Lebuh Maccallum,unclassified,20.5,115,6,10,68
Jalan Ibbetson,residential,20.5,145,7,12,85
Jalan Kota Giam,residential,20.5,145,7,12,85
Jalan Macalister,secondary,20.5,406,21,35,238
Jalan Tan Sri Teh Ewe Lim,secondary,20.5,406,21,35,238
Lebuhraya Tun Doktor Lim Chong Eu,trunk,20.4,638,33,55,374
Jalan Ayer Itam,primary,20.3,522,27,45,306
Jalan Cheeseman,residential,20.3,145,7,12,85
Jalan Gottlieb,primary,20.3,522,27,45,306
Lebuhraya Merdeka,residential,20.3,145,7,12,85
Lorong Soo Hong,residential,20.3,145,7,12,85
Halaman Bakau,unclassified,20.1,115,6,10,68
Jalan Hijau 5,residential,20.1,145,7,12,85
Kampung Jawa Baru,tertiary,20.1,261,13,22,153
Taman Free School,residential,20.0,145,7,12,85
Jalan Lenggong,primary,19.9,522,27,45,306
Jalan Taman Greenview 1,residential,19.9,145,7,12,85
Pengkalan Weld,primary,19.9,522,27,45,306
Jalan Masjid Negeri,trunk,19.8,638,33,55,374
Jalan Trengganu,secondary,19.8,406,21,35,238
Jalan Utama,tertiary,19.8,261,13,22,153
Lengkok Moulmein,residential,19.7,145,7,12,85
Taman Hutchings,residential,19.7,145,7,12,85
Jalan Sungai Pinang,secondary,19.6,406,21,35,238
Jalan Utama,primary,19.6,522,27,45,306
Lebuh Sungai Pinang 1,tertiary,19.6,261,13,22,153
Lebuh Tek Soon,unclassified,19.6,115,6,10,68
Jalan Masjid Negeri,trunk,19.5,638,33,55,374
Jalan Utama,primary,19.5,522,27,45,306
Jalan Bakau,unclassified,19.4,115,6,10,68
Lebuhraya Codrington,secondary,19.4,406,21,35,238
Gat Lebuh Noordin,unclassified,19.3,115,6,10,68
Jalan Macalister,secondary,19.3,406,21,35,238
Jalan Ross,tertiary,19.3,261,13,22,153
Jalan Sungai Pinang,secondary,19.3,406,21,35,238
Lebuhraya Codrington,secondary,19.3,406,21,35,238
Jalan Scotland,trunk,19.2,638,33,55,374
Jalan Cantonment,secondary,19.1,406,21,35,238
Kampung Jawa Baru,tertiary,19.1,261,13,22,153
Lebuhraya Jelutong,residential,19.1,145,7,12,85
Jalan Bawasah,residential,19.0,145,7,12,85
Jalan Gottlieb,primary,19.0,522,27,45,306
Jalan Lim Khoon Huat,residential,19.0,145,7,12,85
Jalan Macalister,secondary,19.0,406,21,35,238
Jalan Masjid Kapitan Keling,secondary,19.0,406,21,35,238
Jalan Md Taib,residential,19.0,145,7,12,85
Jalan Patani,secondary,19.0,406,21,35,238
Jalan Perak,secondary,18.9,406,21,35,238
Jalan Thean Tek,primary,18.9,522,27,45,306
Pengkalan Weld,primary,18.9,522,27,45,306
Jalan Patani,secondary,18.8,406,21,35,238
Jalan Sultan Ahmad Shah,secondary,18.8,406,21,35,238
Jalan Sungai,tertiary,18.8,261,13,22,153
Jalan Cantonment,secondary,18.7,406,21,35,238
Jalan Sri Bahari,unclassified,18.7,115,6,10,68
Lebuh Sungai Pinang 1,tertiary,18.7,261,13,22,153
Lorong Batu Lanchang,primary,18.7,522,27,45,306
Jalan Md Taib,residential,18.5,145,7,12,85
Jalan Sultan Ahmad Shah,secondary,18.5,406,21,35,238
Jalan Sultan Ahmad Shah,secondary,18.5,406,21,35,238
Solok Thean Teik,residential,18.5,145,7,12,85
Jalan Anson,secondary,18.4,406,21,35,238
Jalan Perak,secondary,18.4,406,21,35,238
Lengkok Lumba Kuda,residential,18.3,145,7,12,85
Pengkalan Weld,primary,18.3,522,27,45,306
Jalan Ayer Itam,primary,18.2,522,27,45,306
Jalan Gottlieb,primary,18.2,522,27,45,306
Lebuhraya Merdeka,residential,18.2,145,7,12,85
Jalan Bawasah,residential,18.1,145,7,12,85
Jalan Kek Chuan,residential,18.1,145,7,12,85
Jalan Ross,tertiary,18.1,261,13,22,153
Lintang Macallum 1,unclassified,18.1,115,6,10,68
Solok Perak,residential,18.1,145,7,12,85
Jalan Anson,secondary,18.0,406,21,35,238
Jalan Macalister,secondary,17.9,406,21,35,238
Gat Lebuh Cecil,unclassified,17.8,115,6,10,68
Jalan Macalister,primary,17.8,522,27,45,306
Pengkalan Weld,primary,17.8,522,27,45,306
Jalan Besi,tertiary,17.7,261,13,22,153
Lintang Mas,residential,17.7,145,7,12,85
Pengkalan Weld,primary,17.6,522,27,45,306
Jalan Ayer Itam,primary,17.5,522,27,45,306
Jalan Dato Keramat,primary,17.4,522,27,45,306
Jalan Penawar 1,residential,17.4,145,7,12,85
Jalan Perak,secondary,17.4,406,21,35,238
Jalan Sultan Ahmad Shah,secondary,17.4,406,21,35,238
Lebuh Leith,tertiary,17.4,261,13,22,153
Pengkalan Weld,primary,17.4,522,27,45,306
Jalan Van Praagh,secondary,17.3,406,21,35,238
Jalan Piggot,residential,17.2,145,7,12,85
Jalan Van Praagh,secondary,17.2,406,21,35,238
Jalan Bagan Jermal,primary,17.1,522,27,45,306
Jalan Penang,secondary,17.1,406,21,35,238
Jalan Burma,secondary,17.0,406,21,35,238
Jalan Gottlieb,primary,17.0,522,27,45,306
Jalan Larut,secondary,17.0,406,21,35,238
Jalan Macalister,secondary,17.0,406,21,35,238
Persiaran Karpal Singh 2,tertiary,17.0,261,13,22,153
Jalan Nunn,residential,16.9,145,7,12,85
Jalan Penjara,unclassified,16.9,115,6,10,68
Jalan Sir Ibrahim,residential,16.9,145,7,12,85
Lebuh Sungai Pinang 1,tertiary,16.9,261,13,22,153
Jalan Gottlieb,primary,16.8,522,27,45,306
Jalan Burma,secondary,16.7,406,21,35,238
Jalan Magazine,primary,16.7,522,27,45,306
Lebuh Leith,tertiary,16.7,261,13,22,153
Lebuhraya Glugor,tertiary,16.7,261,13,22,153
Lintang Slim,residential,16.7,145,7,12,85
Lintang Slim,residential,16.7,145,7,12,85
Lintang Sungai Pinang,residential,16.7,145,7,12,85
Persiaran Midlands,residential,16.7,145,7,12,85
Jalan C.Y. Choy,tertiary,16.6,261,13,22,153
Jalan Gottlieb,primary,16.6,522,27,45,306
Lebuhraya Thean Tek,primary,16.6,522,27,45,306
Pengkalan Weld,primary,16.6,522,27,45,306
Jalan Ahmad Nor,secondary,16.5,406,21,35,238
Lorong Batu Lanchang,primary,16.5,522,27,45,306
Jalan Bakau,unclassified,16.4,115,6,10,68
Jalan Free School,tertiary,16.4,261,13,22,153
Jalan Gurdwara,primary,16.4,522,27,45,306
Solok Scotland,residential,16.4,145,7,12,85
Lebuh Sungai Pinang 1,tertiary,16.3,261,13,22,153
Lorong Berjaya,residential,16.3,145,7,12,85
Bulatan Free School,secondary,16.2,406,21,35,238
Jalan Free School,tertiary,16.1,261,13,22,153
Jalan Siam,residential,16.1,145,7,12,85
Jalan Burma,secondary,16.0,406,21,35,238
Lebuhraya Tun Doktor Lim Chong Eu,trunk,16.0,638,33,55,374
Pengkalan Weld,primary,16.0,522,27,45,306
Jalan Ayer Itam,primary,15.9,522,27,45,306
Jalan Batu Gantung,unclassified,15.9,115,6,10,68
Jalan Brook,residential,15.9,145,7,12,85
Jalan Dato Keramat,primary,15.9,522,27,45,306
Jalan Penjara,unclassified,15.9,115,6,10,68
Lintang Slim,residential,15.9,145,7,12,85
Pengkalan Weld,primary,15.9,522,27,45,306
Jalan Sungai Pinang,secondary,15.8,406,21,35,238
Jalan Trengganu,secondary,15.8,406,21,35,238
Jalan P. Ramlee,tertiary,15.7,261,13,22,153
Jalan Gottlieb,primary,15.6,522,27,45,306
Kampung Jawa Baru,tertiary,15.6,261,13,22,153
Jalan Anson,secondary,15.5,406,21,35,238
Jalan Berjaya,residential,15.5,145,7,12,85
Jalan Cantonment,secondary,15.5,406,21,35,238
Jalan Hamilton,primary,15.5,522,27,45,306
Gat Lebuh Cecil,unclassified,15.4,115,6,10,68
Lintang Slim,residential,15.4,145,7,12,85
Lintang Slim,residential,15.3,145,7,12,85
Pengkalan Weld,primary,15.3,522,27,45,306
Solok Larut,unclassified,15.3,115,6,10,68
Gat Lebuh Cecil,unclassified,15.2,115,6,10,68
Halaman Burma,residential,15.2,145,7,12,85
Medan Tembaga,residential,15.2,145,7,12,85
Gat Lebuh Sandilands,residential,15.1,145,7,12,85
Jalan Anson,secondary,15.1,406,21,35,238
Jalan Perak,secondary,15.1,406,21,35,238
Gat Lebuh Cecil,unclassified,15.0,115,6,10,68
Jalan Perak,secondary,15.0,406,21,35,238
Jalan Sungai Pinang,secondary,14.9,406,21,35,238
Lebuh Sungai Pinang 1,tertiary,14.9,261,13,22,153
Jalan Macalister,secondary,14.8,406,21,35,238
Jalan Macalister,secondary,14.8,406,21,35,238
Lorong Perak,tertiary,14.8,261,13,22,153
Jalan Trengganu,secondary,14.7,406,21,35,238
Jalan Ayer Itam,primary,14.6,522,27,45,306
Jalan Sungai Pinang,secondary,14.6,406,21,35,238
Jalan Utama,primary,14.6,522,27,45,306
Jalan Ayer Itam,primary,14.5,522,27,45,306
Jalan Sultan Ahmad Shah,secondary,14.5,406,21,35,238
Jalan Sungai,tertiary,14.5,261,13,22,153
Jalan Scotland,trunk,14.4,638,33,55,374
Lintang Sungai Pinang,residential,14.4,145,7,12,85
Lorong Kaya,residential,14.4,145,7,12,85
Lorong Perak,tertiary,14.4,261,13,22,153
Jalan Jelutong,primary,14.3,522,27,45,306
Jalan Trengganu,secondary,14.3,406,21,35,238
Jalan Van Praagh,secondary,14.3,406,21,35,238
Persiaran Perak,residential,14.3,145,7,12,85
Taman Hutchings,residential,14.3,145,7,12,85
Taman Hutchings,residential,14.3,145,7,12,85
Jalan Scotland,primary,14.2,522,27,45,306
Gat Lebuh Maccallum,tertiary,14.1,261,13,22,153
Jalan Mas,residential,14.1,145,7,12,85
Jalan Sungai,tertiary,14.1,261,13,22,153
Jalan Ayer Itam,primary,14.0,522,27,45,306
Jalan Ayer Itam,primary,14.0,522,27,45,306
Jalan Trengganu,secondary,14.0,406,21,35,238
Lebuh Sungai Pinang 1,tertiary,14.0,261,13,22,153
Persiaran Abdullah Ariff,residential,14.0,145,7,12,85
Gat Lebuh Maccallum,tertiary,13.9,261,13,22,153
Jalan Ayer Itam,primary,13.9,522,27,45,306
Jalan Raja Gopal,residential,13.9,145,7,12,85
Jalan Trang,unclassified,13.9,115,6,10,68
Lorong Batu Lanchang,primary,13.9,522,27,45,306
Taman Hutchings,residential,13.9,145,7,12,85
Jalan Sungai Pinang,secondary,13.8,406,21,35,238
Jalan Trengganu,secondary,13.8,406,21,35,238
Lebuh Victoria,tertiary,13.8,261,13,22,153
Jalan Perak,residential,13.7,145,7,12,85
Solok Thean Teik,residential,13.7,145,7,12,85
Jalan Lim Khoon Huat,residential,13.6,145,7,12,85
Jalan P. Ramlee,tertiary,13.6,261,13,22,153
Lebuh Leith,tertiary,13.6,261,13,22,153
Jalan Gottlieb,primary,13.5,522,27,45,306
Jalan Perak,secondary,13.5,406,21,35,238
Lengkok Dumbar,residential,13.4,145,7,12,85
Jalan Kebun Bunga,tertiary,13.3,261,13,22,153
Solok Jalan Utama,residential,13.3,145,7,12,85
Jalan Ayer Itam,primary,13.1,522,27,45,306
Jalan Timah,unclassified,13.1,115,6,10,68
Jalan York,tertiary,13.1,261,13,22,153
Jalan Zainal Abidin,residential,13.1,145,7,12,85
Lebuh Carnarvon,secondary,13.1,406,21,35,238
Lengkok Batu Lanchang,residential,13.1,145,7,12,85
Taman Glugor,residential,13.1,145,7,12,85
Jalan Macalister,secondary,13.0,406,21,35,238
Jalan Patani,secondary,13.0,406,21,35,238
Jalan Tan Sri Teh Ewe Lim,secondary,13.0,406,21,35,238
Lebuh Armenian,residential,13.0,145,7,12,85
Jalan Kebun Nyiur,residential,12.9,145,7,12,85
Jalan Zainul Abidin,residential,12.8,145,7,12,85
Jalan Sultan Ahmad Shah,secondary,12.7,406,21,35,238
Jalan Ayer Itam,primary,12.6,522,27,45,306
Jalan Batu Gantung,unclassified,12.6,115,6,10,68
Jalan Perak,secondary,12.6,406,21,35,238
Jalan Sekolah La Salle,residential,12.6,145,7,12,85
Jalan Slim,residential,12.6,145,7,12,85
Jalan Tongkah,unclassified,12.6,115,6,10,68
Jalan Trang,unclassified,12.6,115,6,10,68
Lebuh Buckingham,tertiary,12.6,261,13,22,153
Lorong Slim,residential,12.5,145,7,12,85
Jalan Sekolah La Salle,residential,12.4,145,7,12,85
Jalan Slim,residential,12.4,145,7,12,85
Jalan Taman Greenview 1,residential,12.4,145,7,12,85
Persiaran Karpal Singh 2,tertiary,12.4,261,13,22,153
Jalan Utama,tertiary,12.3,261,13,22,153
Jalan Van Praagh,secondary,12.3,406,21,35,238
Jalan Bagan Serai,residential,12.1,145,7,12,85
Jalan Utama,primary,12.1,522,27,45,306
Jalan Magazine,primary,12.0,522,27,45,306
Jalan Masjid Kapitan Keling,secondary,12.0,406,21,35,238
Jalan Perak,secondary,12.0,406,21,35,238
Jalan Tongkah,unclassified,12.0,115,6,10,68
Lorong Batu Lanchang,primary,11.9,522,27,45,306
Jalan Hamilton,secondary,11.7,406,21,35,238
Jalan Perak,secondary,11.7,406,21,35,238
Jalan Utama,primary,11.7,522,27,45,306
Lebuh Sungai Pinang 1,tertiary,11.6,261,13,22,153
Jalan Ayer Itam,primary,11.5,522,27,45,306
Jalan Lim Khoon Huat,residential,11.5,145,7,12,85
Jalan Mas,residential,11.5,145,7,12,85
Jalan Masjid Negeri,trunk,11.5,638,33,55,374
Pengkalan Weld,primary,11.5,522,27,45,306
Jalan Macalister,secondary,11.4,406,21,35,238
Jalan Perak,secondary,11.4,406,21,35,238
Jalan Sultan Ahmad Shah,secondary,11.4,406,21,35,238
Lebuh Sungai Pinang 3,residential,11.4,145,7,12,85
Lorong Batu Lanchang,primary,11.4,522,27,45,306
Lorong Cantik,residential,11.4,145,7,12,85
Jalan Trusan,residential,11.3,145,7,12,85
Lorong Penawar 1,residential,11.3,145,7,12,85
Jalan Macalister,secondary,11.2,406,21,35,238
Jalan Masjid Negeri,trunk,11.2,638,33,55,374
Jalan Penaga,residential,11.2,145,7,12,85
Jalan S.P. Chelliah,tertiary,11.2,261,13,22,153
Pengkalan Weld,primary,11.2,522,27,45,306
Jalan Cantonment,secondary,11.1,406,21,35,238
Jalan Perak,secondary,11.1,406,21,35,238
Jalan Samak,residential,11.1,145,7,12,85
Lebuh Carnarvon,secondary,11.1,406,21,35,238
Jalan Burma,secondary,11.0,406,21,35,238
Jalan Scotland,primary,10.9,522,27,45,306
Lorong Glugor,residential,10.9,145,7,12,85
Jalan Ayer Itam,primary,10.8,522,27,45,306
Jalan Perak,secondary,10.8,406,21,35,238
Lebuh Tek Soon,unclassified,10.7,115,6,10,68
Jalan Siam,residential,10.6,145,7,12,85
Jalan Sultan Ahmad Shah,secondary,10.6,406,21,35,238
Jalan Batu Gantung,unclassified,10.5,115,6,10,68
Jalan Jelutong,primary,10.5,522,27,45,306
Jalan Macalister,secondary,10.5,406,21,35,238
Jalan Ria,tertiary,10.5,261,13,22,153
Jalan Scotland,trunk,10.5,638,33,55,374
Jalan Sultan Ahmad Shah,secondary,10.5,406,21,35,238
Lengkok Dumbar,residential,10.5,145,7,12,85
Jalan Macalister,secondary,10.4,406,21,35,238
Jalan Masjid Negeri,trunk,10.4,638,33,55,374
Jalan Perak,secondary,10.4,406,21,35,238
Jalan Scotland,trunk,10.4,638,33,55,374
Lebuh Tek Soon,unclassified,10.4,115,6,10,68
Pitt Street,secondary,10.4,406,21,35,238
Jalan Irving,residential,10.3,145,7,12,85
Lorong Batu Lanchang,primary,10.3,522,27,45,306
Jalan Sultan Ahmad Shah,secondary,10.2,406,21,35,238
Jalan Tan Sri Teh Ewe Lim,secondary,10.2,406,21,35,238
Jalan Utama,primary,10.2,522,27,45,306
Persiaran Perak,residential,10.2,145,7,12,85
Jalan York,tertiary,10.1,261,13,22,153
Kampung Jawa Lama,unclassified,10.1,115,6,10,68
Lebuh Sungai Pinang 1,tertiary,10.1,261,13,22,153
Jalan Jelutong,primary,10.0,522,27,45,306
Jalan Jelutong,primary,10.0,522,27,45,306
Jalan Sekolah La Salle,residential,10.0,145,7,12,85
Lebuh Kimberley,residential,10.0,145,7,12,85
Jalan Burma,secondary,9.9,406,21,35,238
Jalan Sungai Pinang,secondary,9.9,406,21,35,238
Lilitan Stadium,unclassified,9.9,115,6,10,68
Lilitan Stadium,unclassified,9.9,115,6,10,68
Pengkalan Weld,primary,9.9,522,27,45,306
Jalan Abdullah Ariff,residential,9.8,145,7,12,85
Taman Hijau 2,residential,9.8,145,7,12,85
Jalan Jelutong,primary,9.7,522,27,45,306
Jalan Jelutong,primary,9.7,522,27,45,306
Jalan Rangoon,residential,9.7,145,7,12,85
Jalan Sungai Pinang,secondary,9.7,406,21,35,238
Lorong Perak,tertiary,9.7,261,13,22,153
Jalan Sungai Pinang,secondary,9.6,406,21,35,238
Jalan Jelutong,primary,9.5,522,27,45,306
Jalan Mount Erskine,secondary,9.5,406,21,35,238
Jalan Sungai Pinang,secondary,9.5,406,21,35,238
Lebuh Sungai Pinang 1,tertiary,9.5,261,13,22,153
Lintang Macallum 1,unclassified,9.5,115,6,10,68
Jalan Hikmat,residential,9.4,145,7,12,85
Jalan Trengganu,secondary,9.4,406,21,35,238
Jalan Jelutong,primary,9.3,522,27,45,306
Jalan Jelutong,primary,9.3,522,27,45,306
Lebuh Sungai Pinang 1,tertiary,9.3,261,13,22,153
Lebuhraya Tun Doktor Lim Chong Eu,trunk,9.3,638,33,55,374
Jalan Macalister,secondary,9.2,406,21,35,238
Jalan Trengganu,secondary,9.2,406,21,35,238
Lebuh Sungai Pinang 1,tertiary,9.2,261,13,22,153
Lorong Hijau Tujuh,residential,9.2,145,7,12,85
Lorong Perak,tertiary,9.2,261,13,22,153
Jalan Sungai Pinang,secondary,9.1,406,21,35,238
Jalan Ayer Itam,primary,9.0,522,27,45,306
Lengkok Batu Lanchang,residential,9.0,145,7,12,85
Lintang Sungai Pinang,residential,9.0,145,7,12,85
Lorong Air Terjun,residential,9.0,145,7,12,85
Lorong Perak,tertiary,9.0,261,13,22,153
Jalan C.Y. Choy,tertiary,8.8,261,13,22,153
Jalan York,tertiary,8.8,261,13,22,153
Lebuhraya Tun Doktor Lim Chong Eu,trunk,8.8,638,33,55,374
Lebuhraya Tun Doktor Lim Chong Eu,trunk,8.8,638,33,55,374
Persiaran Abdullah Ariff,residential,8.8,145,7,12,85
Jalan Ayer Itam,primary,8.7,522,27,45,306
Jalan Scotland,trunk,8.7,638,33,55,374
Lebuh Chulia,secondary,8.7,406,21,35,238
Solok Kebun Nyior,residential,8.7,145,7,12,85
Lebuh Sungai Pinang 1,tertiary,8.6,261,13,22,153
Lorong Kebun Nyiur,residential,8.6,145,7,12,85
Jalan Patani,secondary,8.5,406,21,35,238
Jalan Perak,secondary,8.5,406,21,35,238
Jalan Singapura,residential,8.5,145,7,12,85
Jalan Sungai Pinang,secondary,8.5,406,21,35,238
Persiaran Karpal Singh 2,tertiary,8.5,261,13,22,153
Jalan Perak,secondary,8.4,406,21,35,238
Jalan Perak,secondary,8.4,406,21,35,238
Jalan Perak,secondary,8.4,406,21,35,238
Jalan Ria,tertiary,8.4,261,13,22,153
Jalan Thean Teik,primary,8.4,522,27,45,306
Lebuh Sungai Pinang 1,tertiary,8.4,261,13,22,153
Lorong Batu Lanchang,primary,8.4,522,27,45,306
Taman Hijau 3,residential,8.4,145,7,12,85
Jalan Hijau 5,residential,8.3,145,7,12,85
Gat Jalan Magazine,primary,8.2,522,27,45,306
Jalan Kuantan,residential,8.2,145,7,12,85
Jalan Tan Sri Teh Ewe Lim,secondary,8.2,406,21,35,238
Taman Hijau 1,residential,8.2,145,7,12,85
Jalan Anson,secondary,8.1,406,21,35,238
Jalan Jelutong,primary,8.1,522,27,45,306
Lebuh Nanning,residential,8.1,145,7,12,85
Lebuh Sungai Pinang 1,tertiary,8.1,261,13,22,153
Lintang Pasar,residential,8.1,145,7,12,85
Jalan Jelutong,primary,8.0,522,27,45,306
Jalan Pahang,residential,8.0,145,7,12,85
Lorong Abu Siti,residential,8.0,145,7,12,85
Taman Gottlieb,residential,8.0,145,7,12,85
Jalan Green Hall,residential,7.9,145,7,12,85
Lebuh Sungai Pinang,tertiary,7.9,261,13,22,153
Lebuh Tek Soon,unclassified,7.9,115,6,10,68
Lorong Kebun Nyiur,residential,7.9,145,7,12,85
Lorong Selamat,residential,7.9,145,7,12,85
Pengkalan Weld,primary,7.9,522,27,45,306
Jalan Masjid Negeri,trunk,7.8,638,33,55,374
Jalan Rangoon,residential,7.8,145,7,12,85
Persiaran Perak,residential,7.8,145,7,12,85
Jalan C.Y. Choy,tertiary,7.7,261,13,22,153
Jalan Macalister,secondary,7.7,406,21,35,238
Lebuh Sungai Pinang,tertiary,7.7,261,13,22,153
Gat Jalan Prangin,primary,7.6,522,27,45,306
Kampung Jawa Baru,tertiary,7.6,261,13,22,153
Jalan Johor,residential,7.5,145,7,12,85
Jalan Krian,residential,7.5,145,7,12,85
Jalan Perak,secondary,7.5,406,21,35,238
Gat Lebuh Chulia,secondary,7.4,406,21,35,238
Jalan Dato Keramat,primary,7.4,522,27,45,306
Jalan Perak,secondary,7.4,406,21,35,238
Lebuh Sungai Pinang 1,tertiary,7.4,261,13,22,153
Lebuh Tek Soon,unclassified,7.4,115,6,10,68
Lebuh Ah Quee,residential,7.3,145,7,12,85
Lebuh Tek Soon,unclassified,7.3,115,6,10,68
Lebuhraya Codrington,tertiary,7.3,261,13,22,153
Lebuhraya Thean Tek,primary,7.3,522,27,45,306
Lorong Kulit,unclassified,7.3,115,6,10,68
Lorong Macalister,residential,7.3,145,7,12,85
Persiaran Perak,residential,7.3,145,7,12,85
Jalan Ayer Itam,primary,7.2,522,27,45,306
Jalan Burma,secondary,7.2,406,21,35,238
Jalan Trem,residential,7.2,145,7,12,85
Lorong Cantik,residential,7.2,145,7,12,85
Persiaran Perak,residential,7.2,145,7,12,85
Jalan Dato Keramat,primary,7.1,522,27,45,306
Jalan Free School,tertiary,7.1,261,13,22,153
Jalan Kebun Nyiur,residential,7.0,145,7,12,85
Jalan Patani,secondary,7.0,406,21,35,238
Jalan Patani,secondary,7.0,406,21,35,238
Lorong Baru,residential,7.0,145,7,12,85
Jalan Hijau 3,residential,6.9,145,7,12,85
Jalan Macalister,secondary,6.9,406,21,35,238
Jalan Mount Erskine,secondary,6.9,406,21,35,238
Jalan Patani,secondary,6.9,406,21,35,238
Jalan Sungai Pinang,secondary,6.9,406,21,35,238
Lorong Kelawai,residential,6.9,145,7,12,85
Lorong Kinta,residential,6.9,145,7,12,85
Bulatan Free School,secondary,6.8,406,21,35,238
Jalan Cheeseman,residential,6.8,145,7,12,85
Jalan Langkawi,residential,6.8,145,7,12,85
Jalan Magazine,primary,6.8,522,27,45,306
Jalan Sir Ibrahim,residential,6.8,145,7,12,85
Persiaran Perak,residential,6.8,145,7,12,85
Jalan Che Rose,residential,6.7,145,7,12,85
Lebuhraya Codrington,tertiary,6.7,261,13,22,153
Lorong Air Terjun,residential,6.7,145,7,12,85
Lorong Hijau Lapan,residential,6.7,145,7,12,85
Lorong Perak,tertiary,6.7,261,13,22,153
Lorong Susu,residential,6.7,145,7,12,85
Jalan Burma,secondary,6.6,406,21,35,238
Jalan Macalister,secondary,6.6,406,21,35,238
Lebuh Tek Soon,unclassified,6.6,115,6,10,68
Lorong Batu Lanchang,primary,6.6,522,27,45,306
Jalan Haji Hashim Imam,residential,6.5,145,7,12,85
Lintang Sungai Pinang,residential,6.5,145,7,12,85
Jalan Tan Sri Teh Ewe Lim,secondary,6.4,406,21,35,238
Jalan Abdullah Ariff,residential,6.3,145,7,12,85
Jalan Ayer Itam,primary,6.3,522,27,45,306
Jalan Ayer Itam,primary,6.3,522,27,45,306
Jalan Osman Bin Kadir Lit,residential,6.3,145,7,12,85
Jalan Scotland,primary,6.3,522,27,45,306
Lorong Madras,residential,6.2,145,7,12,85
Jalan Tunku Abdul Rahman,residential,6.1,145,7,12,85
Jalan Zainal Abidin,residential,6.1,145,7,12,85
Solok Thean Teik,residential,6.1,145,7,12,85
Jalan Lenggong,primary,6.0,522,27,45,306
Jalan Tan Sri Teh Ewe Lim,secondary,5.9,406,21,35,238
Jalan Van Praagh,secondary,5.9,406,21,35,238
Jalan Hamilton,secondary,5.7,406,21,35,238
Jalan Kek Chuan,residential,5.7,145,7,12,85
Jalan Kelawai,secondary,5.6,406,21,35,238
Lebuh Tek Soon,unclassified,5.6,115,6,10,68
Jalan Perak,secondary,5.4,406,21,35,238
Jalan Trusan,residential,5.4,145,7,12,85
Taman Hijau 3,residential,5.4,145,7,12,85
Jalan Ayer Itam,primary,5.3,522,27,45,306
Jalan C.Y. Choy,tertiary,5.3,261,13,22,153
Jalan Cantonment,secondary,5.3,406,21,35,238
Jalan Macalister,secondary,5.2,406,21,35,238
Lorong Slim,residential,5.2,145,7,12,85
Jalan Macalister,secondary,5.1,406,21,35,238
Lorong Lumut,residential,5.1,145,7,12,85
Jalan Anson,secondary,5.0,406,21,35,238
Jalan Bagan Serai,residential,5.0,145,7,12,85
Jalan Patani,secondary,5.0,406,21,35,238
Jalan Tan Sri Teh Ewe Lim,secondary,5.0,406,21,35,238
Lebuh Lintang,tertiary,5.0,261,13,22,153
Jalan Sungai Pinang,secondary,4.9,406,21,35,238
Medan Goh Guan Ho,residential,4.9,145,7,12,85
Persiaran Jesselton Selatan,residential,4.9,145,7,12,85
Jalan Tan Sri Teh Ewe Lim,secondary,4.8,406,21,35,238
Jalan Tan Sri Teh Ewe Lim,secondary,4.8,406,21,35,238
Jalan Sultan Ahmad Shah,secondary,4.7,406,21,35,238
Jalan Free School,tertiary,4.6,261,13,22,153
Lilitan Stadium,unclassified,4.6,115,6,10,68
Jalan Ayer Itam,primary,4.5,522,27,45,306
Lebuh Sungai Pinang 1,tertiary,4.5,261,13,22,153
Lorong Kelawai,residential,4.3,145,7,12,85
Jalan Cantonment,secondary,4.2,406,21,35,238
Gat Lebuh Leith,residential,4.1,145,7,12,85
Jalan Bawasah,residential,4.1,145,7,12,85
Jalan Ayer Itam,primary,4.0,522,27,45,306
Jalan Ria,tertiary,3.9,261,13,22,153
Jalan Bukom,residential,3.8,145,7,12,85
Jalan Macalister,secondary,3.7,406,21,35,238
Jalan Transfer,secondary,3.7,406,21,35,238
Jalan Van Praagh,secondary,3.7,406,21,35,238
Lebuh Tek Soon,unclassified,3.6,115,6,10,68
Jalan Mount Erskine,secondary,3.5,406,21,35,238
Jalan Macalister,secondary,3.4,406,21,35,238
Jalan Cheong Fatt Tze,residential,2.9,145,7,12,85
Jalan Perak,secondary,2.7,406,21,35,238
Jalan Perak,secondary,2.7,406,21,35,238
Jalan Anson,secondary,2.6,406,21,35,238
Jalan Scotland,trunk,2.6,638,33,55,374
Jalan Sekerat,residential,2.6,145,7,12,85
Jalan Sungai Pinang,secondary,2.6,406,21,35,238
Jalan Sungai Pinang,secondary,2.6,406,21,35,238
Jalan Burma,secondary,2.4,406,21,35,238
Jalan Jelutong,primary,2.2,522,27,45,306
Jalan Trengganu,secondary,2.2,406,21,35,238
Jalan Sultan Ahmad Shah,secondary,2.1,406,21,35,238
Jalan Ahmad Nor,secondary,2.0,406,21,35,238
Medan Goh Guan Ho,residential,1.6,145,7,12,85
Medan Goh Guan Ho,residential,1.6,145,7,12,85
Jalan P. Ramlee,tertiary,1.5,261,13,22,153
Jalan Trengganu,secondary,1.4,406,21,35,238
Jalan Perak,secondary,1.0,406,21,35,238
